ticker,market
20MICRONS.NS,NSE
21STCENMGM.NS,NSE
360ONE.NS,NSE
3IINFOLTD.NS,NSE
3MINDIA.NS,NSE
3PLAND.NS,NSE
5PAISA.NS,NSE
63MOONS.NS,NSE
A2ZINFRA.NS,NSE
AAATECH.NS,NSE
AADHARHFC.NS,NSE
AAKASH.NS,NSE
AAREYDRUGS.NS,NSE
AARON.NS,NSE
AARTECH.NS,NSE
AARTIDRUGS.NS,NSE
AARTIIND.NS,NSE
AARTIPHARM.NS,NSE
AARTISURF.NS,NSE
AARVI.NS,NSE
AAVAS.NS,NSE
ABAN.NS,NSE
ABB.NS,NSE
ABBOTINDIA.NS,NSE
ABCAPITAL.NS,NSE
ABCOTS.NS,NSE
ABDL.NS,NSE
ABFRL.NS,NSE
ABINFRA.NS,NSE
ABLBL.NS,NSE
ABMINTLLTD.NS,NSE
ABREL.NS,NSE
ABSLAMC.NS,NSE
ACC.NS,NSE
ACCELYA.NS,NSE
ACCURACY.NS,NSE
ACE.NS,NSE
ACEINTEG.NS,NSE
ACI.NS,NSE
ACL.NS,NSE
ACMESOLAR.NS,NSE
ACUTAAS.NS,NSE
ADANIENSOL.NS,NSE
ADANIENT.NS,NSE
ADANIGREEN.NS,NSE
ADANIPORTS.NS,NSE
ADANIPOWER.NS,NSE
ADFFOODS.NS,NSE
ADL.NS,NSE
ADOR.NS,NSE
ADROITINFO.NS,NSE
ADSL.NS,NSE
ADVANCE.NS,NSE
ADVANIHOTR.NS,NSE
ADVENTHTL.NS,NSE
ADVENZYMES.NS,NSE
AEGISLOG.NS,NSE
AEGISVOPAK.NS,NSE
AEQUS.NS,NSE
AEROENTER.NS,NSE
AEROFLEX.NS,NSE
AERONEU.NS,NSE
AETHER.NS,NSE
AFCONS.NS,NSE
AFFLE.NS,NSE
AFFORDABLE.NS,NSE
AFIL.NS,NSE
AFSL.NS,NSE
AGARIND.NS,NSE
AGARWALEYE.NS,NSE
AGI.NS,NSE
AGIIL.NS,NSE
AGRITECH.NS,NSE
AGROPHOS.NS,NSE
AGSTRA.NS,NSE
AHCL.NS,NSE
AHLADA.NS,NSE
AHLEAST.NS,NSE
AHLUCONT.NS,NSE
AIAENG.NS,NSE
AIIL.NS,NSE
AIRAN.NS,NSE
AIROLAM.NS,NSE
AJANTPHARM.NS,NSE
AJAXENGG.NS,NSE
AJMERA.NS,NSE
AJOONI.NS,NSE
AKASH.NS,NSE
AKG.NS,NSE
AKI.NS,NSE
AKSHAR.NS,NSE
AKSHARCHEM.NS,NSE
AKSHOPTFBR.NS,NSE
AKUMS.NS,NSE
AKZOINDIA.NS,NSE
ALANKIT.NS,NSE
ALBERTDAVD.NS,NSE
ALEMBICLTD.NS,NSE
ALGOQUANT.NS,NSE
ALICON.NS,NSE
ALIVUS.NS,NSE
ALKALI.NS,NSE
ALKEM.NS,NSE
ALKYLAMINE.NS,NSE
ALLCARGO.NS,NSE
ALLDIGI.NS,NSE
ALLTIME.NS,NSE
ALMONDZ.NS,NSE
ALOKINDS.NS,NSE
ALPA.NS,NSE
ALPHAGEO.NS,NSE
AMANTA.NS,NSE
AMBER.NS,NSE
AMBICAAGAR.NS,NSE
AMBIKCO.NS,NSE
AMBUJACEM.NS,NSE
AMDIND.NS,NSE
AMJLAND.NS,NSE
AMNPLST.NS,NSE
AMRUTANJAN.NS,NSE
ANANDRATHI.NS,NSE
ANANTRAJ.NS,NSE
ANDHRAPAP.NS,NSE
ANDHRSUGAR.NS,NSE
ANGELONE.NS,NSE
ANIKINDS.NS,NSE
ANKITMETAL.NS,NSE
ANMOL.NS,NSE
ANSALAPI.NS,NSE
ANTELOPUS.NS,NSE
ANTGRAPHIC.NS,NSE
ANTHEM.NS,NSE
ANUHPHR.NS,NSE
ANUP.NS,NSE
ANURAS.NS,NSE
APARINDS.NS,NSE
APCL.NS,NSE
APCOTEXIND.NS,NSE
APEX.NS,NSE
APLAPOLLO.NS,NSE
APLLTD.NS,NSE
APOLLO.NS,NSE
APOLLOHOSP.NS,NSE
APOLLOPIPE.NS,NSE
APOLLOTYRE.NS,NSE
APOLSINHOT.NS,NSE
APTECHT.NS,NSE
APTUS.NS,NSE
ARCHIDPLY.NS,NSE
ARCHIES.NS,NSE
ARENTERP.NS,NSE
ARFIN.NS,NSE
ARIES.NS,NSE
ARIHANTCAP.NS,NSE
ARIHANTSUP.NS,NSE
ARISINFRA.NS,NSE
ARKADE.NS,NSE
ARMANFIN.NS,NSE
AROGRANITE.NS,NSE
ARROWGREEN.NS,NSE
ARSHIYA.NS,NSE
ARSSBL.NS,NSE
ARTEMISMED.NS,NSE
ARTNIRMAN.NS,NSE
ARVEE.NS,NSE
ARVIND.NS,NSE
ARVINDFASN.NS,NSE
ARVSMART.NS,NSE
ASAHIINDIA.NS,NSE
ASAHISONG.NS,NSE
ASAL.NS,NSE
ASALCBR.NS,NSE
ASHAPURMIN.NS,NSE
ASHIANA.NS,NSE
ASHIMASYN.NS,NSE
ASHOKA.NS,NSE
ASHOKAMET.NS,NSE
ASHOKLEY.NS,NSE
ASIANENE.NS,NSE
ASIANHOTNR.NS,NSE
ASIANPAINT.NS,NSE
ASIANTILES.NS,NSE
ASKAUTOLTD.NS,NSE
ASMS.NS,NSE
ASPINWALL.NS,NSE
ASTEC.NS,NSE
ASTERDM.NS,NSE
ASTRAL.NS,NSE
ASTRAMICRO.NS,NSE
ASTRAZEN.NS,NSE
ASTRON.NS,NSE
ATALREAL.NS,NSE
ATAM.NS,NSE
ATGL.NS,NSE
ATHERENERG.NS,NSE
ATL.NS,NSE
ATLANTAA.NS,NSE
ATLANTAELE.NS,NSE
ATLASCYCLE.NS,NSE
ATUL.NS,NSE
ATULAUTO.NS,NSE
AUBANK.NS,NSE
AURIGROW.NS,NSE
AURIONPRO.NS,NSE
AUROPHARMA.NS,NSE
AURUM.NS,NSE
AUSOMENT.NS,NSE
AUTOAXLES.NS,NSE
AUTOIND.NS,NSE
AVADHSUGAR.NS,NSE
AVALON.NS,NSE
AVANTEL.NS,NSE
AVANTIFEED.NS,NSE
AVG.NS,NSE
AVL.NS,NSE
AVONMORE.NS,NSE
AVROIND.NS,NSE
AVTNPL.NS,NSE
AWFIS.NS,NSE
AWHCL.NS,NSE
AWL.NS,NSE
AXISBANK.NS,NSE
AXISCADES.NS,NSE
AXITA.NS,NSE
AYMSYNTEX.NS,NSE
AZAD.NS,NSE
BAFNAPH.NS,NSE
BAGFILMS.NS,NSE
BAIDFIN.NS,NSE
BAJAJ-AUTO.NS,NSE
BAJAJCON.NS,NSE
BAJAJELEC.NS,NSE
BAJAJFINSV.NS,NSE
BAJAJHCARE.NS,NSE
BAJAJHFL.NS,NSE
BAJAJHIND.NS,NSE
BAJAJHLDNG.NS,NSE
BAJAJINDEF.NS,NSE
BAJEL.NS,NSE
BAJFINANCE.NS,NSE
BALAJEE.NS,NSE
BALAJITELE.NS,NSE
BALAMINES.NS,NSE
BALAXI.NS,NSE
BALKRISHNA.NS,NSE
BALKRISIND.NS,NSE
BALMLAWRIE.NS,NSE
BALPHARMA.NS,NSE
BALRAMCHIN.NS,NSE
BALUFORGE.NS,NSE
BANARBEADS.NS,NSE
BANARISUG.NS,NSE
BANCOINDIA.NS,NSE
BANDHANBNK.NS,NSE
BANG.NS,NSE
BANKA.NS,NSE
BANKBARODA.NS,NSE
BANKINDIA.NS,NSE
BANSALWIRE.NS,NSE
BANSWRAS.NS,NSE
BASF.NS,NSE
BASML.NS,NSE
BATAINDIA.NS,NSE
BAYERCROP.NS,NSE
BBL.NS,NSE
BBOX.NS,NSE
BBTC.NS,NSE
BBTCL.NS,NSE
BCG.NS,NSE
BCLIND.NS,NSE
BCONCEPTS.NS,NSE
BDL.NS,NSE
BEARDSELL.NS,NSE
BECTORFOOD.NS,NSE
BEDMUTHA.NS,NSE
BEL.NS,NSE
BELLACASA.NS,NSE
BELRISE.NS,NSE
BEML.NS,NSE
BEPL.NS,NSE
BERGEPAINT.NS,NSE
BESTAGRO.NS,NSE
BETA.NS,NSE
BFINVEST.NS,NSE
BFUTILITIE.NS,NSE
BGRENERGY.NS,NSE
BHAGCHEM.NS,NSE
BHAGERIA.NS,NSE
BHAGYANGR.NS,NSE
BHANDARI.NS,NSE
BHARATFORG.NS,NSE
BHARATGEAR.NS,NSE
BHARATRAS.NS,NSE
BHARATSE.NS,NSE
BHARATWIRE.NS,NSE
BHARTIARTL.NS,NSE
BHARTIHEXA.NS,NSE
BHEL.NS,NSE
BIGBLOC.NS,NSE
BIKAJI.NS,NSE
BIL.NS,NSE
BILVYAPAR.NS,NSE
BIOCON.NS,NSE
BIOFILCHEM.NS,NSE
BIRLACABLE.NS,NSE
BIRLACORPN.NS,NSE
BIRLAMONEY.NS,NSE
BIRLANU.NS,NSE
BLACKBUCK.NS,NSE
BLAL.NS,NSE
BLBLIMITED.NS,NSE
BLISSGVS.NS,NSE
BLKASHYAP.NS,NSE
BLS.NS,NSE
BLSE.NS,NSE
BLUECOAST.NS,NSE
BLUEDART.NS,NSE
BLUEJET.NS,NSE
BLUESTARCO.NS,NSE
BLUESTONE.NS,NSE
BLUSPRING.NS,NSE
BMWVENTLTD.NS,NSE
BODALCHEM.NS,NSE
BOHRAIND.NS,NSE
BOMDYEING.NS,NSE
BORANA.NS,NSE
BOROLTD.NS,NSE
BORORENEW.NS,NSE
BOROSCI.NS,NSE
BOSCH-HCIL.NS,NSE
BOSCHLTD.NS,NSE
BPCL.NS,NSE
BPL.NS,NSE
BRIGADE.NS,NSE
BRIGHOTEL.NS,NSE
BRITANNIA.NS,NSE
BRNL.NS,NSE
BROOKS.NS,NSE
BSE.NS,NSE
BSHSL.NS,NSE
BSL.NS,NSE
BSOFT.NS,NSE
BTML.NS,NSE
BUILDPRO.NS,NSE
BUTTERFLY.NS,NSE
BVCL.NS,NSE
BYKE.NS,NSE
CALSOFT.NS,NSE
CAMLINFINE.NS,NSE
CAMPUS.NS,NSE
CAMS.NS,NSE
CANBK.NS,NSE
CANFINHOME.NS,NSE
CANHLIFE.NS,NSE
CANTABIL.NS,NSE
CAPACITE.NS,NSE
CAPILLARY.NS,NSE
CAPITALSFB.NS,NSE
CAPLIPOINT.NS,NSE
CAPTRUST.NS,NSE
CARBORUNIV.NS,NSE
CARERATING.NS,NSE
CARRARO.NS,NSE
CARTRADE.NS,NSE
CARYSIL.NS,NSE
CASTROLIND.NS,NSE
CCCL.NS,NSE
CCHHL.NS,NSE
CCL.NS,NSE
CDSL.NS,NSE
CEATLTD.NS,NSE
CEIGALL.NS,NSE
CELEBRITY.NS,NSE
CELLO.NS,NSE
CEMPRO.NS,NSE
CENTENKA.NS,NSE
CENTEXT.NS,NSE
CENTRALBK.NS,NSE
CENTRUM.NS,NSE
CENTUM.NS,NSE
CENTURYPLY.NS,NSE
CERA.NS,NSE
CEREBRAINT.NS,NSE
CESC.NS,NSE
CEWATER.NS,NSE
CGCL.NS,NSE
CGPOWER.NS,NSE
CHALET.NS,NSE
CHAMBLFERT.NS,NSE
CHEMBOND.NS,NSE
CHEMBONDCH.NS,NSE
CHEMCON.NS,NSE
CHEMFAB.NS,NSE
CHEMPLASTS.NS,NSE
CHENNPETRO.NS,NSE
CHEVIOT.NS,NSE
CHOICEIN.NS,NSE
CHOLAFIN.NS,NSE
CHOLAHLDNG.NS,NSE
CIEINDIA.NS,NSE
CIFL.NS,NSE
CIGNITITEC.NS,NSE
CINELINE.NS,NSE
CINEVISTA.NS,NSE
CIPLA.NS,NSE
CLEAN.NS,NSE
CLEDUCATE.NS,NSE
CLSEL.NS,NSE
CMSINFO.NS,NSE
CNL.NS,NSE
COALINDIA.NS,NSE
COASTCORP.NS,NSE
COCHINSHIP.NS,NSE
COFFEEDAY.NS,NSE
COFORGE.NS,NSE
COHANCE.NS,NSE
COLPAL.NS,NSE
COMPINFO.NS,NSE
COMPUSOFT.NS,NSE
COMSYN.NS,NSE
CONCOR.NS,NSE
CONCORDBIO.NS,NSE
CONFIPET.NS,NSE
CONSOFINVT.NS,NSE
CONTROLPR.NS,NSE
CORALFINAC.NS,NSE
CORDSCABLE.NS,NSE
COROMANDEL.NS,NSE
CORONA.NS,NSE
COSMOFIRST.NS,NSE
COUNCODOS.NS,NSE
CPCAP.NS,NSE
CPEDU.NS,NSE
CPPLUS.NS,NSE
CRAFTSMAN.NS,NSE
CRAMC.NS,NSE
CREATIVEYE.NS,NSE
CREDITACC.NS,NSE
CREST.NS,NSE
CRISIL.NS,NSE
CRIZAC.NS,NSE
CROMPTON.NS,NSE
CROWN.NS,NSE
CSBBANK.NS,NSE
CSLFINANCE.NS,NSE
CTE.NS,NSE
CUB.NS,NSE
CUBEXTUB.NS,NSE
CUMMINSIND.NS,NSE
CUPID.NS,NSE
CURAA.NS,NSE
CYBERMEDIA.NS,NSE
CYBERTECH.NS,NSE
CYIENT.NS,NSE
CYIENTDLM.NS,NSE
DABUR.NS,NSE
DALBHARAT.NS,NSE
DALMIASUG.NS,NSE
DAMCAPITAL.NS,NSE
DAMODARIND.NS,NSE
DANGEE.NS,NSE
DATAMATICS.NS,NSE
DATAPATTNS.NS,NSE
DAVANGERE.NS,NSE
DBCORP.NS,NSE
DBEIL.NS,NSE
DBL.NS,NSE
DBOL.NS,NSE
DBREALTY.NS,NSE
DBSTOCKBRO.NS,NSE
DCAL.NS,NSE
DCBBANK.NS,NSE
DCI.NS,NSE
DCM.NS,NSE
DCMFINSERV.NS,NSE
DCMNVL.NS,NSE
DCMSHRIRAM.NS,NSE
DCMSRIND.NS,NSE
DCW.NS,NSE
DCXINDIA.NS,NSE
DDEVPLSTIK.NS,NSE
DECCANCE.NS,NSE
DEEDEV.NS,NSE
DEEPAKFERT.NS,NSE
DEEPAKNTR.NS,NSE
DEEPINDS.NS,NSE
DELHIVERY.NS,NSE
DELPHIFX.NS,NSE
DELTACORP.NS,NSE
DELTAMAGNT.NS,NSE
DEN.NS,NSE
DENORA.NS,NSE
DENTA.NS,NSE
DEVIT.NS,NSE
DEVX.NS,NSE
DEVYANI.NS,NSE
DGCONTENT.NS,NSE
DHAMPURSUG.NS,NSE
DHANBANK.NS,NSE
DHANUKA.NS,NSE
DHARAN.NS,NSE
DHARMAJ.NS,NSE
DHRUV.NS,NSE
DHUNINV.NS,NSE
DIACABS.NS,NSE
DIAMINESQ.NS,NSE
DIAMONDYD.NS,NSE
DICIND.NS,NSE
DIFFNKG.NS,NSE
DIGIDRIVE.NS,NSE
DIGISPICE.NS,NSE
DIGITIDE.NS,NSE
DIGJAMLMTD.NS,NSE
DIL.NS,NSE
DISHTV.NS,NSE
DIVGIITTS.NS,NSE
DIVISLAB.NS,NSE
DIXON.NS,NSE
DJML.NS,NSE
DLF.NS,NSE
DLINKINDIA.NS,NSE
DMART.NS,NSE
DMCC.NS,NSE
DNAMEDIA.NS,NSE
DODLA.NS,NSE
DOLATALGO.NS,NSE
DOLLAR.NS,NSE
DOLPHIN.NS,NSE
DOMS.NS,NSE
DONEAR.NS,NSE
DPABHUSHAN.NS,NSE
DPSCLTD.NS,NSE
DPWIRES.NS,NSE
DRCSYSTEMS.NS,NSE
DREAMFOLKS.NS,NSE
DREDGECORP.NS,NSE
DRREDDY.NS,NSE
DSSL.NS,NSE
DTIL.NS,NSE
DUCON.NS,NSE
DVL.NS,NSE
DWARKESH.NS,NSE
DYCL.NS,NSE
DYNAMATECH.NS,NSE
DYNPRO.NS,NSE
E2E.NS,NSE
EASEMYTRIP.NS,NSE
EBGNG.NS,NSE
ECLERX.NS,NSE
ECOSMOBLTY.NS,NSE
EDELWEISS.NS,NSE
EFCIL.NS,NSE
EICHERMOT.NS,NSE
EIDPARRY.NS,NSE
EIEL.NS,NSE
EIFFL.NS,NSE
EIHAHOTELS.NS,NSE
EIHOTEL.NS,NSE
EIMCOELECO.NS,NSE
EKC.NS,NSE
ELDEHSG.NS,NSE
ELECON.NS,NSE
ELECTCAST.NS,NSE
ELECTHERM.NS,NSE
ELGIEQUIP.NS,NSE
ELGIRUBCO.NS,NSE
ELIN.NS,NSE
ELLEN.NS,NSE
EMAMILTD.NS,NSE
EMAMIPAP.NS,NSE
EMAMIREAL.NS,NSE
EMBDL.NS,NSE
EMCURE.NS,NSE
EMIL.NS,NSE
EMKAY.NS,NSE
EMMBI.NS,NSE
EMMVEE.NS,NSE
EMSLIMITED.NS,NSE
EMUDHRA.NS,NSE
ENDURANCE.NS,NSE
ENERGYDEV.NS,NSE
ENGINERSIN.NS,NSE
ENIL.NS,NSE
ENRIN.NS,NSE
ENTERO.NS,NSE
EPACK.NS,NSE
EPACKPEB.NS,NSE
EPIGRAL.NS,NSE
EPL.NS,NSE
EQUIPPP.NS,NSE
EQUITASBNK.NS,NSE
ERIS.NS,NSE
ESABINDIA.NS,NSE
ESAFSFB.NS,NSE
ESCORTS.NS,NSE
ESSARSHPNG.NS,NSE
ESSENTIA.NS,NSE
ESTER.NS,NSE
ETERNAL.NS,NSE
ETHOSLTD.NS,NSE
EUREKAFORB.NS,NSE
EUROBOND.NS,NSE
EUROPRATIK.NS,NSE
EUROTEXIND.NS,NSE
EVEREADY.NS,NSE
EVERESTIND.NS,NSE
EXCEL.NS,NSE
EXCELINDUS.NS,NSE
EXCELSOFT.NS,NSE
EXICOM.NS,NSE
EXIDEIND.NS,NSE
EXPLEOSOL.NS,NSE
EXXARO.NS,NSE
FABTECH.NS,NSE
FACT.NS,NSE
FAIRCHEMOR.NS,NSE
FAZE3Q.NS,NSE
FCL.NS,NSE
FCSSOFT.NS,NSE
FDC.NS,NSE
FEDERALBNK.NS,NSE
FEDFINA.NS,NSE
FEL.NS,NSE
FELDVR.NS,NSE
FIBERWEB.NS,NSE
FIEMIND.NS,NSE
FILATEX.NS,NSE
FILATFASH.NS,NSE
FINCABLES.NS,NSE
FINEORG.NS,NSE
FINKURVE.NS,NSE
FINOPB.NS,NSE
FINPIPE.NS,NSE
FIRSTCRY.NS,NSE
FISCHER.NS,NSE
FIVESTAR.NS,NSE
FLAIR.NS,NSE
FLEXITUFF.NS,NSE
FLFL.NS,NSE
FLUOROCHEM.NS,NSE
FMGOETZE.NS,NSE
FMNL.NS,NSE
FOCUS.NS,NSE
FOODSIN.NS,NSE
FORCEMOT.NS,NSE
FORTIS.NS,NSE
FOSECOIND.NS,NSE
FSL.NS,NSE
FUSION.NS,NSE
GABRIEL.NS,NSE
GAEL.NS,NSE
GAIL.NS,NSE
GALAPREC.NS,NSE
GALAXYSURF.NS,NSE
GALLANTT.NS,NSE
GANDHAR.NS,NSE
GANDHITUBE.NS,NSE
GANECOS.NS,NSE
GANESHBE.NS,NSE
GANESHCP.NS,NSE
GANESHHOU.NS,NSE
GANGAFORGE.NS,NSE
GANGESSECU.NS,NSE
GARFIBRES.NS,NSE
GARUDA.NS,NSE
GATECH.NS,NSE
GATECHDVR.NS,NSE
GATEWAY.NS,NSE
GAYAHWS.NS,NSE
GCSL.NS,NSE
GEECEE.NS,NSE
GEEKAYWIRE.NS,NSE
GEMAROMA.NS,NSE
GENCON.NS,NSE
GENESYS.NS,NSE
GENSOL.NS,NSE
GENUSPAPER.NS,NSE
GENUSPOWER.NS,NSE
GEOJITFSL.NS,NSE
GESHIP.NS,NSE
GFLLIMITED.NS,NSE
GHCL.NS,NSE
GHCLTEXTIL.NS,NSE
GICHSGFIN.NS,NSE
GICRE.NS,NSE
GILLANDERS.NS,NSE
GILLETTE.NS,NSE
GINNIFILA.NS,NSE
GIPCL.NS,NSE
GKENERGY.NS,NSE
GKSL.NS,NSE
GKWLIMITED.NS,NSE
GLAND.NS,NSE
GLAXO.NS,NSE
GLENMARK.NS,NSE
GLOBAL.NS,NSE
GLOBALE.NS,NSE
GLOBALVECT.NS,NSE
GLOBE.NS,NSE
GLOBECIVIL.NS,NSE
GLOBUSSPR.NS,NSE
GLOSTERLTD.NS,NSE
GLOTTIS.NS,NSE
GMBREW.NS,NSE
GMDCLTD.NS,NSE
GMMPFAUDLR.NS,NSE
GMRAIRPORT.NS,NSE
GNA.NS,NSE
GNFC.NS,NSE
GOACARBON.NS,NSE
GOCLCORP.NS,NSE
GOCOLORS.NS,NSE
GODAVARIB.NS,NSE
GODFRYPHLP.NS,NSE
GODIGIT.NS,NSE
GODREJAGRO.NS,NSE
GODREJCP.NS,NSE
GODREJIND.NS,NSE
GODREJPROP.NS,NSE
GOKEX.NS,NSE
GOKUL.NS,NSE
GOKULAGRO.NS,NSE
GOLDENTOBC.NS,NSE
GOLDIAM.NS,NSE
GOLDTECH.NS,NSE
GOODLUCK.NS,NSE
GOPAL.NS,NSE
GOYALALUM.NS,NSE
GPIL.NS,NSE
GPPL.NS,NSE
GPTHEALTH.NS,NSE
GPTINFRA.NS,NSE
GRANULES.NS,NSE
GRAPHITE.NS,NSE
GRASIM.NS,NSE
GRAVITA.NS,NSE
GREAVESCOT.NS,NSE
GREENLAM.NS,NSE
GREENPANEL.NS,NSE
GREENPLY.NS,NSE
GREENPOWER.NS,NSE
GRINDWELL.NS,NSE
GRINFRA.NS,NSE
GRMOVER.NS,NSE
GROBTEA.NS,NSE
GROWW.NS,NSE
GRPLTD.NS,NSE
GRSE.NS,NSE
GRWRHITECH.NS,NSE
GSFC.NS,NSE
GSLSU.NS,NSE
GSPL.NS,NSE
GSS.NS,NSE
GTECJAINX.NS,NSE
GTL.NS,NSE
GTLINFRA.NS,NSE
GTPL.NS,NSE
GUFICBIO.NS,NSE
GUJALKALI.NS,NSE
GUJAPOLLO.NS,NSE
GUJGASLTD.NS,NSE
GUJRAFFIA.NS,NSE
GUJTHEM.NS,NSE
GULFOILLUB.NS,NSE
GULFPETRO.NS,NSE
GULPOLY.NS,NSE
GVKPIL.NS,NSE
GVPIL.NS,NSE
GVPTECH.NS,NSE
HAL.NS,NSE
HALEOSLABS.NS,NSE
HAPPSTMNDS.NS,NSE
HAPPYFORGE.NS,NSE
HARDWYN.NS,NSE
HARIOMPIPE.NS,NSE
HARRMALAYA.NS,NSE
HARSHA.NS,NSE
HATHWAY.NS,NSE
HATSUN.NS,NSE
HAVELLS.NS,NSE
HAVISHA.NS,NSE
HBLENGINE.NS,NSE
HBSL.NS,NSE
HCC.NS,NSE
HCG.NS,NSE
HCL-INSYS.NS,NSE
HCLTECH.NS,NSE
HDBFS.NS,NSE
HDFCAMC.NS,NSE
HDFCBANK.NS,NSE
HDFCLIFE.NS,NSE
HDIL.NS,NSE
HEADSUP.NS,NSE
HECPROJECT.NS,NSE
HEG.NS,NSE
HEIDELBERG.NS,NSE
HEMIPROP.NS,NSE
HERANBA.NS,NSE
HERITGFOOD.NS,NSE
HEROMOTOCO.NS,NSE
HESTERBIO.NS,NSE
HEUBACHIND.NS,NSE
HEXATRADEX.NS,NSE
HEXT.NS,NSE
HFCL.NS,NSE
HGINFRA.NS,NSE
HGM.NS,NSE
HGS.NS,NSE
HIKAL.NS,NSE
HILINFRA.NS,NSE
HILTON.NS,NSE
HIMATSEIDE.NS,NSE
HINDALCO.NS,NSE
HINDCOMPOS.NS,NSE
HINDCON.NS,NSE
HINDCOPPER.NS,NSE
HINDOILEXP.NS,NSE
HINDPETRO.NS,NSE
HINDUNILVR.NS,NSE
HINDWAREAP.NS,NSE
HINDZINC.NS,NSE
HIRECT.NS,NSE
HISARMETAL.NS,NSE
HITECH.NS,NSE
HITECHCORP.NS,NSE
HITECHGEAR.NS,NSE
HLEGLAS.NS,NSE
HLVLTD.NS,NSE
HMAAGRO.NS,NSE
HMT.NS,NSE
HMVL.NS,NSE
HNDFDS.NS,NSE
HOMEFIRST.NS,NSE
HONASA.NS,NSE
HONAUT.NS,NSE
HONDAPOWER.NS,NSE
HPAL.NS,NSE
HPIL.NS,NSE
HPL.NS,NSE
HSCL.NS,NSE
HTMEDIA.NS,NSE
HUBTOWN.NS,NSE
HUDCO.NS,NSE
HUHTAMAKI.NS,NSE
HYBRIDFIN.NS,NSE
HYUNDAI.NS,NSE
IBULLSLTD.NS,NSE
ICDSLTD.NS,NSE
ICEMAKE.NS,NSE
ICICIAMC.NS,NSE
ICICIBANK.NS,NSE
ICICIGI.NS,NSE
ICICIPRULI.NS,NSE
ICIL.NS,NSE
ICRA.NS,NSE
IDBI.NS,NSE
IDEA.NS,NSE
IDEAFORGE.NS,NSE
IDFCFIRSTB.NS,NSE
IEX.NS,NSE
IFBAGRO.NS,NSE
IFBIND.NS,NSE
IFCI.NS,NSE
IFGLEXPOR.NS,NSE
IGARASHI.NS,NSE
IGCL.NS,NSE
IGIL.NS,NSE
IGL.NS,NSE
IGPL.NS,NSE
IIFL.NS,NSE
IIFLCAPS.NS,NSE
IITL.NS,NSE
IKIO.NS,NSE
IKS.NS,NSE
IMAGICAA.NS,NSE
IMFA.NS,NSE
IMPAL.NS,NSE
IMPEXFERRO.NS,NSE
INCREDIBLE.NS,NSE
INDBANK.NS,NSE
INDGN.NS,NSE
INDHOTEL.NS,NSE
INDIACEM.NS,NSE
INDIAGLYCO.NS,NSE
INDIAMART.NS,NSE
INDIANB.NS,NSE
INDIANCARD.NS,NSE
INDIANHUME.NS,NSE
INDIASHLTR.NS,NSE
INDIGO.NS,NSE
INDIGOPNTS.NS,NSE
INDIQUBE.NS,NSE
INDNIPPON.NS,NSE
INDOAMIN.NS,NSE
INDOBORAX.NS,NSE
INDOCO.NS,NSE
INDOFARM.NS,NSE
INDORAMA.NS,NSE
INDOSTAR.NS,NSE
INDOTECH.NS,NSE
INDOTHAI.NS,NSE
INDOUS.NS,NSE
INDOWIND.NS,NSE
INDRAMEDCO.NS,NSE
INDSWFTLAB.NS,NSE
INDTERRAIN.NS,NSE
INDUSINDBK.NS,NSE
INDUSTOWER.NS,NSE
INFIBEAM.NS,NSE
INFOBEAN.NS,NSE
INFOMEDIA.NS,NSE
INFY.NS,NSE
INGERRAND.NS,NSE
INNOVACAP.NS,NSE
INNOVANA.NS,NSE
INOXGREEN.NS,NSE
INOXINDIA.NS,NSE
INOXWIND.NS,NSE
INSECTICID.NS,NSE
INSPIRISYS.NS,NSE
INTELLECT.NS,NSE
INTENTECH.NS,NSE
INTERARCH.NS,NSE
INTLCONV.NS,NSE
INVENTURE.NS,NSE
IOB.NS,NSE
IOC.NS,NSE
IOLCP.NS,NSE
IONEXCHANG.NS,NSE
IPCALAB.NS,NSE
IPL.NS,NSE
IRB.NS,NSE
IRCON.NS,NSE
IRCTC.NS,NSE
IREDA.NS,NSE
IRFC.NS,NSE
IRIS.NS,NSE
IRISDOREME.NS,NSE
IRMENERGY.NS,NSE
ISFT.NS,NSE
ISGEC.NS,NSE
ISHANCH.NS,NSE
ITC.NS,NSE
ITCHOTELS.NS,NSE
ITDC.NS,NSE
ITI.NS,NSE
IVALUE.NS,NSE
IVC.NS,NSE
IVP.NS,NSE
IXIGO.NS,NSE
IZMO.NS,NSE
JAGRAN.NS,NSE
JAGSNPHARM.NS,NSE
JAIBALAJI.NS,NSE
JAICORPLTD.NS,NSE
JAINREC.NS,NSE
JAIPURKURT.NS,NSE
JAMNAAUTO.NS,NSE
JARO.NS,NSE
JASH.NS,NSE
JAYAGROGN.NS,NSE
JAYBARMARU.NS,NSE
JAYKAY.NS,NSE
JAYNECOIND.NS,NSE
JAYSREETEA.NS,NSE
JBCHEPHARM.NS,NSE
JBMA.NS,NSE
JETFREIGHT.NS,NSE
JGCHEM.NS,NSE
JHS.NS,NSE
JINDALPHOT.NS,NSE
JINDALPOLY.NS,NSE
JINDALSAW.NS,NSE
JINDALSTEL.NS,NSE
JINDRILL.NS,NSE
JINDWORLD.NS,NSE
JIOFIN.NS,NSE
JISLDVREQS.NS,NSE
JISLJALEQS.NS,NSE
JITFINFRA.NS,NSE
JKCEMENT.NS,NSE
JKIL.NS,NSE
JKIPL.NS,NSE
JKLAKSHMI.NS,NSE
JKPAPER.NS,NSE
JKTYRE.NS,NSE
JLHL.NS,NSE
JMA.NS,NSE
JMFINANCIL.NS,NSE
JNKINDIA.NS,NSE
JOCIL.NS,NSE
JPOLYINVST.NS,NSE
JPPOWER.NS,NSE
JSFB.NS,NSE
JSL.NS,NSE
JSLL.NS,NSE
JSWCEMENT.NS,NSE
JSWENERGY.NS,NSE
JSWHL.NS,NSE
JSWINFRA.NS,NSE
JSWSTEEL.NS,NSE
JTEKTINDIA.NS,NSE
JTLIND.NS,NSE
JUBLCPL.NS,NSE
JUBLFOOD.NS,NSE
JUBLINGREA.NS,NSE
JUBLPHARMA.NS,NSE
JUNIPER.NS,NSE
JUSTDIAL.NS,NSE
JWL.NS,NSE
JYOTHYLAB.NS,NSE
JYOTICNC.NS,NSE
JYOTISTRUC.NS,NSE
KABRAEXTRU.NS,NSE
KAJARIACER.NS,NSE
KAKATCEM.NS,NSE
KALAMANDIR.NS,NSE
KALPATARU.NS,NSE
KALYANI.NS,NSE
KALYANIFRG.NS,NSE
KALYANKJIL.NS,NSE
KAMATHOTEL.NS,NSE
KAMDHENU.NS,NSE
KAMOPAINTS.NS,NSE
KANANIIND.NS,NSE
KANORICHEM.NS,NSE
KANPRPLA.NS,NSE
KANSAINER.NS,NSE
KAPSTON.NS,NSE
KARMAENG.NS,NSE
KARURVYSYA.NS,NSE
KAUSHALYA.NS,NSE
KAVDEFENCE.NS,NSE
KAYA.NS,NSE
KAYNES.NS,NSE
KCP.NS,NSE
KCPSUGIND.NS,NSE
KDDL.NS,NSE
KEC.NS,NSE
KECL.NS,NSE
KEEPLEARN.NS,NSE
KEI.NS,NSE
KELLTONTEC.NS,NSE
KERNEX.NS,NSE
KESORAMIND.NS,NSE
KEYFINSERV.NS,NSE
KFINTECH.NS,NSE
KHADIM.NS,NSE
KHAICHEM.NS,NSE
KHAITANLTD.NS,NSE
KHANDSE.NS,NSE
KICL.NS,NSE
KILITCH.NS,NSE
KIMS.NS,NSE
KINGFA.NS,NSE
KIOCL.NS,NSE
KIRIINDUS.NS,NSE
KIRLOSBROS.NS,NSE
KIRLOSENG.NS,NSE
KIRLOSIND.NS,NSE
KIRLPNU.NS,NSE
KITEX.NS,NSE
KKCL.NS,NSE
KMEW.NS,NSE
KMSUGAR.NS,NSE
KNAGRI.NS,NSE
KNRCON.NS,NSE
KOHINOOR.NS,NSE
KOKUYOCMLN.NS,NSE
KOLTEPATIL.NS,NSE
KOPRAN.NS,NSE
KOTAKBANK.NS,NSE
KOTARISUG.NS,NSE
KOTHARIPET.NS,NSE
KOTHARIPRO.NS,NSE
KPEL.NS,NSE
KPIGREEN.NS,NSE
KPIL.NS,NSE
KPITTECH.NS,NSE
KPRMILL.NS,NSE
KRBL.NS,NSE
KREBSBIO.NS,NSE
KRIDHANINF.NS,NSE
KRISHANA.NS,NSE
KRISHIVAL.NS,NSE
KRISHNADEF.NS,NSE
KRITI.NS,NSE
KRITIKA.NS,NSE
KRITINUT.NS,NSE
KRN.NS,NSE
KRONOX.NS,NSE
KROSS.NS,NSE
KRSNAA.NS,NSE
KRYSTAL.NS,NSE
KSB.NS,NSE
KSCL.NS,NSE
KSHINTL.NS,NSE
KSHITIJPOL.NS,NSE
KSL.NS,NSE
KSOLVES.NS,NSE
KSR.NS,NSE
KTKBANK.NS,NSE
KUANTUM.NS,NSE
LAGNAM.NS,NSE
LAKPRE.NS,NSE
LAL.NS,NSE
LALPATHLAB.NS,NSE
LAMBODHARA.NS,NSE
LANCORHOL.NS,NSE
LANDMARK.NS,NSE
LAOPALA.NS,NSE
LASA.NS,NSE
LATENTVIEW.NS,NSE
LATTEYS.NS,NSE
LAURUSLABS.NS,NSE
LAXMICOT.NS,NSE
LAXMIDENTL.NS,NSE
LAXMIINDIA.NS,NSE
LCCINFOTEC.NS,NSE
LEMERITE.NS,NSE
LEMONTREE.NS,NSE
LENSKART.NS,NSE
LEXUS.NS,NSE
LFIC.NS,NSE
LGBBROSLTD.NS,NSE
LGEINDIA.NS,NSE
LGHL.NS,NSE
LIBAS.NS,NSE
LIBERTSHOE.NS,NSE
LICHSGFIN.NS,NSE
LICI.NS,NSE
LIKHITHA.NS,NSE
LINC.NS,NSE
LINCOLN.NS,NSE
LINDEINDIA.NS,NSE
LLOYDSENGG.NS,NSE
LLOYDSENT.NS,NSE
LLOYDSME.NS,NSE
LMW.NS,NSE
LODHA.NS,NSE
LOKESHMACH.NS,NSE
LORDSCHLO.NS,NSE
LOTUSDEV.NS,NSE
LOTUSEYE.NS,NSE
LOVABLE.NS,NSE
LOYALTEX.NS,NSE
LPDC.NS,NSE
LT.NS,NSE
LTF.NS,NSE
LTFOODS.NS,NSE
LTIM.NS,NSE
LTTS.NS,NSE
LUMAXIND.NS,NSE
LUMAXTECH.NS,NSE
LUPIN.NS,NSE
LUXIND.NS,NSE
LXCHEM.NS,NSE
LYKALABS.NS,NSE
LYPSAGEMS.NS,NSE
MAANALU.NS,NSE
MACPOWER.NS,NSE
MADHAV.NS,NSE
MADHUCON.NS,NSE
MADRASFERT.NS,NSE
MAGADSUGAR.NS,NSE
MAGNUM.NS,NSE
MAHABANK.NS,NSE
MAHAPEXLTD.NS,NSE
MAHASTEEL.NS,NSE
MAHEPC.NS,NSE
MAHESHWARI.NS,NSE
MAHLIFE.NS,NSE
MAHLOG.NS,NSE
MAHSCOOTER.NS,NSE
MAHSEAMLES.NS,NSE
MAITHANALL.NS,NSE
MALLCOM.NS,NSE
MALUPAPER.NS,NSE
MAMATA.NS,NSE
MANAKALUCO.NS,NSE
MANAKCOAT.NS,NSE
MANAKSIA.NS,NSE
MANAKSTEEL.NS,NSE
MANALIPETC.NS,NSE
MANAPPURAM.NS,NSE
MANBA.NS,NSE
MANCREDIT.NS,NSE
MANGALAM.NS,NSE
MANGLMCEM.NS,NSE
MANINDS.NS,NSE
MANINFRA.NS,NSE
MANKIND.NS,NSE
MANOMAY.NS,NSE
MANORAMA.NS,NSE
MANORG.NS,NSE
MANUGRAPH.NS,NSE
MANYAVAR.NS,NSE
MAPMYINDIA.NS,NSE
MARALOVER.NS,NSE
MARATHON.NS,NSE
MARICO.NS,NSE
MARINE.NS,NSE
MARKOLINES.NS,NSE
MARKSANS.NS,NSE
MARUTI.NS,NSE
MASFIN.NS,NSE
MASKINVEST.NS,NSE
MASTEK.NS,NSE
MASTERTR.NS,NSE
MATRIMONY.NS,NSE
MAWANASUG.NS,NSE
MAXESTATES.NS,NSE
MAXHEALTH.NS,NSE
MAXIND.NS,NSE
MAYURUNIQ.NS,NSE
MAZDA.NS,NSE
MAZDOCK.NS,NSE
MBAPL.NS,NSE
MBEL.NS,NSE
MBLINFRA.NS,NSE
MCL.NS,NSE
MCLEODRUSS.NS,NSE
MCLOUD.NS,NSE
MCX.NS,NSE
MEDANTA.NS,NSE
MEDIASSIST.NS,NSE
MEDICAMEQ.NS,NSE
MEDICO.NS,NSE
MEDPLUS.NS,NSE
MEESHO.NS,NSE
MEGASOFT.NS,NSE
MEGASTAR.NS,NSE
MEIL.NS,NSE
MENONBE.NS,NSE
MEP.NS,NSE
METROBRAND.NS,NSE
METROPOLIS.NS,NSE
MFML.NS,NSE
MFSL.NS,NSE
MGEL.NS,NSE
MGL.NS,NSE
MHLXMIRU.NS,NSE
MHRIL.NS,NSE
MICEL.NS,NSE
MIDHANI.NS,NSE
MIDWESTLTD.NS,NSE
MINDACORP.NS,NSE
MINDTECK.NS,NSE
MIRCELECTR.NS,NSE
MIRZAINT.NS,NSE
MITCON.NS,NSE
MITTAL.NS,NSE
MKPL.NS,NSE
MMFL.NS,NSE
MMP.NS,NSE
MMTC.NS,NSE
MOBIKWIK.NS,NSE
MODINATUR.NS,NSE
MODIRUBBER.NS,NSE
MODIS.NS,NSE
MODISONLTD.NS,NSE
MODTHREAD.NS,NSE
MOHITIND.NS,NSE
MOIL.NS,NSE
MOKSH.NS,NSE
MOL.NS,NSE
MOLDTECH.NS,NSE
MOLDTKPAC.NS,NSE
MONARCH.NS,NSE
MONEYBOXX.NS,NSE
MONTECARLO.NS,NSE
MOREPENLAB.NS,NSE
MOSCHIP.NS,NSE
MOTHERSON.NS,NSE
MOTILALOFS.NS,NSE
MOTISONS.NS,NSE
MOTOGENFIN.NS,NSE
MPHASIS.NS,NSE
MPSLTD.NS,NSE
MRF.NS,NSE
MRPL.NS,NSE
MSPL.NS,NSE
MSTCLTD.NS,NSE
MSUMI.NS,NSE
MTARTECH.NS,NSE
MTEDUCARE.NS,NSE
MTNL.NS,NSE
MUFIN.NS,NSE
MUFTI.NS,NSE
MUKANDLTD.NS,NSE
MUKKA.NS,NSE
MUKTAARTS.NS,NSE
MUNJALAU.NS,NSE
MUNJALSHOW.NS,NSE
MURUDCERA.NS,NSE
MUTHOOTCAP.NS,NSE
MUTHOOTFIN.NS,NSE
MUTHOOTMF.NS,NSE
MVGJL.NS,NSE
MWL.NS,NSE
NACLIND.NS,NSE
NAGAFERT.NS,NSE
NAGREEKCAP.NS,NSE
NAGREEKEXP.NS,NSE
NAHARCAP.NS,NSE
NAHARINDUS.NS,NSE
NAHARPOLY.NS,NSE
NAHARSPING.NS,NSE
NAM-INDIA.NS,NSE
NARMADA.NS,NSE
NATCAPSUQ.NS,NSE
NATCOPHARM.NS,NSE
NATHBIOGEN.NS,NSE
NATIONALUM.NS,NSE
NAUKRI.NS,NSE
NAVA.NS,NSE
NAVINFLUOR.NS,NSE
NAVKARCORP.NS,NSE
NAVKARURB.NS,NSE
NAVNETEDUL.NS,NSE
NAZARA.NS,NSE
NBCC.NS,NSE
NBIFIN.NS,NSE
NCC.NS,NSE
NCLIND.NS,NSE
NDGL.NS,NSE
NDL.NS,NSE
NDLVENTURE.NS,NSE
NDRAUTO.NS,NSE
NDTV.NS,NSE
NECCLTD.NS,NSE
NECLIFE.NS,NSE
NELCAST.NS,NSE
NELCO.NS,NSE
NEOGEN.NS,NSE
NEPHROPLUS.NS,NSE
NESCO.NS,NSE
NESTLEIND.NS,NSE
NETWEB.NS,NSE
NETWORK18.NS,NSE
NEULANDLAB.NS,NSE
NEWGEN.NS,NSE
NEXTMEDIA.NS,NSE
NFL.NS,NSE
NGIL.NS,NSE
NGLFINE.NS,NSE
NH.NS,NSE
NHPC.NS,NSE
NIACL.NS,NSE
NIBE.NS,NSE
NIBL.NS,NSE
NIITLTD.NS,NSE
NIITMTS.NS,NSE
NILAINFRA.NS,NSE
NILASPACES.NS,NSE
NILKAMAL.NS,NSE
NINSYS.NS,NSE
NIPPOBATRY.NS,NSE
NIRAJ.NS,NSE
NIRAJISPAT.NS,NSE
NITCO.NS,NSE
NITINSPIN.NS,NSE
NITIRAJ.NS,NSE
NIVABUPA.NS,NSE
NKIND.NS,NSE
NLCINDIA.NS,NSE
NMDC.NS,NSE
NOCIL.NS,NSE
NOIDATOLL.NS,NSE
NORBTEAEXP.NS,NSE
NORTHARC.NS,NSE
NOVAAGRI.NS,NSE
NPST.NS,NSE
NRAIL.NS,NSE
NRBBEARING.NS,NSE
NRL.NS,NSE
NSIL.NS,NSE
NSLNISP.NS,NSE
NTPC.NS,NSE
NTPCGREEN.NS,NSE
NUCLEUS.NS,NSE
NURECA.NS,NSE
NUVAMA.NS,NSE
NUVOCO.NS,NSE
NYKAA.NS,NSE
OAL.NS,NSE
OBCL.NS,NSE
OBEROIRLTY.NS,NSE
OCCLLTD.NS,NSE
ODIGMA.NS,NSE
OFSS.NS,NSE
OIL.NS,NSE
OILCOUNTUB.NS,NSE
OLAELEC.NS,NSE
OLECTRA.NS,NSE
OMAXAUTO.NS,NSE
OMAXE.NS,NSE
OMFREIGHT.NS,NSE
OMINFRAL.NS,NSE
OMKARCHEM.NS,NSE
ONELIFECAP.NS,NSE
ONEPOINT.NS,NSE
ONESOURCE.NS,NSE
ONGC.NS,NSE
ONMOBILE.NS,NSE
ONWARDTEC.NS,NSE
OPTIEMUS.NS,NSE
ORBTEXP.NS,NSE
ORCHASP.NS,NSE
ORCHPHARMA.NS,NSE
ORICONENT.NS,NSE
ORIENTALTL.NS,NSE
ORIENTBELL.NS,NSE
ORIENTCEM.NS,NSE
ORIENTCER.NS,NSE
ORIENTELEC.NS,NSE
ORIENTHOT.NS,NSE
ORIENTLTD.NS,NSE
ORIENTPPR.NS,NSE
ORIENTTECH.NS,NSE
ORISSAMINE.NS,NSE
ORKLAINDIA.NS,NSE
ORTINGLOBE.NS,NSE
OSIAHYPER.NS,NSE
OSWALAGRO.NS,NSE
OSWALGREEN.NS,NSE
OSWALPUMPS.NS,NSE
OSWALSEEDS.NS,NSE
PACEDIGITK.NS,NSE
PAGEIND.NS,NSE
PAISALO.NS,NSE
PAKKA.NS,NSE
PALASHSECU.NS,NSE
PALREDTEC.NS,NSE
PANACEABIO.NS,NSE
PANACHE.NS,NSE
PANAMAPET.NS,NSE
PANSARI.NS,NSE
PAR.NS,NSE
PARACABLES.NS,NSE
PARADEEP.NS,NSE
PARAGMILK.NS,NSE
PARAS.NS,NSE
PARASPETRO.NS,NSE
PARKHOSPS.NS,NSE
PARKHOTELS.NS,NSE
PARSVNATH.NS,NSE
PASHUPATI.NS,NSE
PASUPTAC.NS,NSE
PATANJALI.NS,NSE
PATELENG.NS,NSE
PATELRMART.NS,NSE
PATINTLOG.NS,NSE
PAUSHAKLTD.NS,NSE
PAVNAIND.NS,NSE
PAYTM.NS,NSE
PCBL.NS,NSE
PCJEWELLER.NS,NSE
PDMJEPAPER.NS,NSE
PDSL.NS,NSE
PEARLPOLY.NS,NSE
PENIND.NS,NSE
PENINLAND.NS,NSE
PERSISTENT.NS,NSE
PETRONET.NS,NSE
PFC.NS,NSE
PFIZER.NS,NSE
PFOCUS.NS,NSE
PFS.NS,NSE
PGEL.NS,NSE
PGHH.NS,NSE
PGHL.NS,NSE
PGIL.NS,NSE
PHOENIXLTD.NS,NSE
PICCADIL.NS,NSE
PIDILITIND.NS,NSE
PIGL.NS,NSE
PIIND.NS,NSE
PILANIINVS.NS,NSE
PILITA.NS,NSE
PINELABS.NS,NSE
PIONEEREMB.NS,NSE
PIRAMALFIN.NS,NSE
PITTIENG.NS,NSE
PIXTRANS.NS,NSE
PKTEA.NS,NSE
PLASTIBLEN.NS,NSE
PLATIND.NS,NSE
PLAZACABLE.NS,NSE
PNB.NS,NSE
PNBGILTS.NS,NSE
PNBHOUSING.NS,NSE
PNC.NS,NSE
PNCINFRA.NS,NSE
PNGJL.NS,NSE
POCL.NS,NSE
PODDARMENT.NS,NSE
POKARNA.NS,NSE
POLICYBZR.NS,NSE
POLYCAB.NS,NSE
POLYMED.NS,NSE
POLYPLEX.NS,NSE
PONNIERODE.NS,NSE
POONAWALLA.NS,NSE
POWERGRID.NS,NSE
POWERINDIA.NS,NSE
POWERMECH.NS,NSE
PPAP.NS,NSE
PPL.NS,NSE
PPLPHARMA.NS,NSE
PRABHA.NS,NSE
PRAENG.NS,NSE
PRAJIND.NS,NSE
PRAKASH.NS,NSE
PRAKASHSTL.NS,NSE
PRAXIS.NS,NSE
PRECAM.NS,NSE
PRECOT.NS,NSE
PRECWIRE.NS,NSE
PREMEXPLN.NS,NSE
PREMIER.NS,NSE
PREMIERENE.NS,NSE
PREMIERPOL.NS,NSE
PRESTIGE.NS,NSE
PRICOLLTD.NS,NSE
PRIMESECU.NS,NSE
PRIMO.NS,NSE
PRINCEPIPE.NS,NSE
PRITI.NS,NSE
PRITIKAUTO.NS,NSE
PRIVISCL.NS,NSE
PROSTARM.NS,NSE
PROTEAN.NS,NSE
PROZONER.NS,NSE
PRSMJOHNSN.NS,NSE
PRUDENT.NS,NSE
PRUDMOULI.NS,NSE
PSB.NS,NSE
PSPPROJECT.NS,NSE
PTC.NS,NSE
PTCIL.NS,NSE
PTL.NS,NSE
PUNJABCHEM.NS,NSE
PURVA.NS,NSE
PVP.NS,NSE
PVRINOX.NS,NSE
PVSL.NS,NSE
PWL.NS,NSE
PYRAMID.NS,NSE
QPOWER.NS,NSE
QUADFUTURE.NS,NSE
QUESS.NS,NSE
QUICKHEAL.NS,NSE
RACE.NS,NSE
RACLGEAR.NS,NSE
RADAAN.NS,NSE
RADHIKAJWE.NS,NSE
RADIANTCMS.NS,NSE
RADICO.NS,NSE
RADIOCITY.NS,NSE
RAILTEL.NS,NSE
RAIN.NS,NSE
RAINBOW.NS,NSE
RAJESHEXPO.NS,NSE
RAJMET.NS,NSE
RAJOOENG.NS,NSE
RAJRATAN.NS,NSE
RAJRILTD.NS,NSE
RAJSREESUG.NS,NSE
RAJTV.NS,NSE
RALLIS.NS,NSE
RAMANEWS.NS,NSE
RAMAPHO.NS,NSE
RAMASTEEL.NS,NSE
RAMCOCEM.NS,NSE
RAMCOIND.NS,NSE
RAMCOSYS.NS,NSE
RAMKY.NS,NSE
RAMRAT.NS,NSE
RANASUG.NS,NSE
RANEHOLDIN.NS,NSE
RATEGAIN.NS,NSE
RATNAMANI.NS,NSE
RATNAVEER.NS,NSE
RAYMOND.NS,NSE
RAYMONDLSL.NS,NSE
RAYMONDREL.NS,NSE
RBA.NS,NSE
RBLBANK.NS,NSE
RBZJEWEL.NS,NSE
RCF.NS,NSE
RCOM.NS,NSE
RECLTD.NS,NSE
REDINGTON.NS,NSE
REDTAPE.NS,NSE
REFEX.NS,NSE
REGAAL.NS,NSE
REGENCERAM.NS,NSE
RELAXO.NS,NSE
RELCHEMQ.NS,NSE
RELIABLE.NS,NSE
RELIANCE.NS,NSE
RELIGARE.NS,NSE
RELTD.NS,NSE
REMSONSIND.NS,NSE
RENUKA.NS,NSE
REPCOHOME.NS,NSE
REPL.NS,NSE
REPRO.NS,NSE
RESPONIND.NS,NSE
RETAIL.NS,NSE
RGL.NS,NSE
RHETAN.NS,NSE
RHFL.NS,NSE
RHIM.NS,NSE
RHL.NS,NSE
RICOAUTO.NS,NSE
RIIL.NS,NSE
RISHABH.NS,NSE
RITCO.NS,NSE
RITES.NS,NSE
RKDL.NS,NSE
RKEC.NS,NSE
RKFORGE.NS,NSE
RKSWAMY.NS,NSE
RMDRIP.NS,NSE
RML.NS,NSE
RNBDENIMS.NS,NSE
ROHLTD.NS,NSE
ROLEXRINGS.NS,NSE
ROLLT.NS,NSE
ROML.NS,NSE
ROSSARI.NS,NSE
ROSSELLIND.NS,NSE
ROSSTECH.NS,NSE
ROTO.NS,NSE
ROUTE.NS,NSE
RPEL.NS,NSE
RPGLIFE.NS,NSE
RPOWER.NS,NSE
RPPINFRA.NS,NSE
RPPL.NS,NSE
RPSGVENT.NS,NSE
RPTECH.NS,NSE
RRKABEL.NS,NSE
RSSOFTWARE.NS,NSE
RSWM.NS,NSE
RSYSTEMS.NS,NSE
RTNINDIA.NS,NSE
RTNPOWER.NS,NSE
RUBFILA.NS,NSE
RUBICON.NS,NSE
RUBYMILLS.NS,NSE
RUCHINFRA.NS,NSE
RUCHIRA.NS,NSE
RUDRA.NS,NSE
RUPA.NS,NSE
RUSHIL.NS,NSE
RUSTOMJEE.NS,NSE
RVHL.NS,NSE
RVNL.NS,NSE
RVTH.NS,NSE
SAATVIKGL.NS,NSE
SABEVENTS.NS,NSE
SABTNL.NS,NSE
SADBHAV.NS,NSE
SADBHIN.NS,NSE
SADHNANIQ.NS,NSE
SAFARI.NS,NSE
SAGARDEEP.NS,NSE
SAGCEM.NS,NSE
SAGILITY.NS,NSE
SAHYADRI.NS,NSE
SAIL.NS,NSE
SAILIFE.NS,NSE
SAKAR.NS,NSE
SAKHTISUG.NS,NSE
SAKSOFT.NS,NSE
SAKUMA.NS,NSE
SALASAR.NS,NSE
SALONA.NS,NSE
SALSTEEL.NS,NSE
SALZERELEC.NS,NSE
SAMBHAAV.NS,NSE
SAMBHV.NS,NSE
SAMHI.NS,NSE
SAMMAANCAP.NS,NSE
SAMPANN.NS,NSE
SANATHAN.NS,NSE
SANCO.NS,NSE
SANDESH.NS,NSE
SANDHAR.NS,NSE
SANDUMA.NS,NSE
SANGAMIND.NS,NSE
SANGHIIND.NS,NSE
SANGHVIMOV.NS,NSE
SANGINITA.NS,NSE
SANOFI.NS,NSE
SANOFICONR.NS,NSE
SANSERA.NS,NSE
SANSTAR.NS,NSE
SANWARIA.NS,NSE
SAPPHIRE.NS,NSE
SARDAEN.NS,NSE
SAREGAMA.NS,NSE
SARLAPOLY.NS,NSE
SARVESHWAR.NS,NSE
SASKEN.NS,NSE
SASTASUNDR.NS,NSE
SATIA.NS,NSE
SATIN.NS,NSE
SAURASHCEM.NS,NSE
SBC.NS,NSE
SBCL.NS,NSE
SBFC.NS,NSE
SBGLP.NS,NSE
SBICARD.NS,NSE
SBILIFE.NS,NSE
SBIN.NS,NSE
SCHAEFFLER.NS,NSE
SCHAND.NS,NSE
SCHNEIDER.NS,NSE
SCI.NS,NSE
SCILAL.NS,NSE
SCODATUBES.NS,NSE
SCPL.NS,NSE
SDBL.NS,NSE
SEAMECLTD.NS,NSE
SECMARK.NS,NSE
SECURKLOUD.NS,NSE
SEJALLTD.NS,NSE
SELMC.NS,NSE
SEMAC.NS,NSE
SENCO.NS,NSE
SENORES.NS,NSE
SEPC.NS,NSE
SEQUENT.NS,NSE
SERVOTECH.NS,NSE
SESHAPAPER.NS,NSE
SETCO.NS,NSE
SETUINFRA.NS,NSE
SEYAIND.NS,NSE
SFL.NS,NSE
SGFIN.NS,NSE
SGIL.NS,NSE
SGL.NS,NSE
SGLTL.NS,NSE
SGMART.NS,NSE
SHAH.NS,NSE
SHAHALLOYS.NS,NSE
SHAILY.NS,NSE
SHAKTIPUMP.NS,NSE
SHALBY.NS,NSE
SHALPAINTS.NS,NSE
SHANKARA.NS,NSE
SHANTI.NS,NSE
SHANTIGEAR.NS,NSE
SHANTIGOLD.NS,NSE
SHARDACROP.NS,NSE
SHARDAMOTR.NS,NSE
SHAREINDIA.NS,NSE
SHEKHAWATI.NS,NSE
SHEMAROO.NS,NSE
SHILCTECH.NS,NSE
SHILPAMED.NS,NSE
SHIVALIK.NS,NSE
SHIVAMAUTO.NS,NSE
SHIVAMILLS.NS,NSE
SHIVATEX.NS,NSE
SHIVAUM.NS,NSE
SHK.NS,NSE
SHOPERSTOP.NS,NSE
SHRADHA.NS,NSE
SHREDIGCEM.NS,NSE
SHREECEM.NS,NSE
SHREEJISPG.NS,NSE
SHREEPUSHK.NS,NSE
SHREERAMA.NS,NSE
SHRENIK.NS,NSE
SHREYANIND.NS,NSE
SHRINGARMS.NS,NSE
SHRIPISTON.NS,NSE
SHRIRAMFIN.NS,NSE
SHRIRAMPPS.NS,NSE
SHYAMCENT.NS,NSE
SHYAMMETL.NS,NSE
SHYAMTEL.NS,NSE
SICALLOG.NS,NSE
SIEMENS.NS,NSE
SIGACHI.NS,NSE
SIGIND.NS,NSE
SIGMA.NS,NSE
SIGNATURE.NS,NSE
SIGNPOST.NS,NSE
SIKKO.NS,NSE
SIL.NS,NSE
SILGO.NS,NSE
SILINV.NS,NSE
SILLYMONKS.NS,NSE
SILVERTUC.NS,NSE
SIMBHALS.NS,NSE
SIMPLEXINF.NS,NSE
SINCLAIR.NS,NSE
SINDHUTRAD.NS,NSE
SINTERCOM.NS,NSE
SIRCA.NS,NSE
SIS.NS,NSE
SITINET.NS,NSE
SIYSIL.NS,NSE
SJS.NS,NSE
SJVN.NS,NSE
SKFINDIA.NS,NSE
SKFINDUS.NS,NSE
SKIPPER.NS,NSE
SKMEGGPROD.NS,NSE
SKYGOLD.NS,NSE
SMARTLINK.NS,NSE
SMARTWORKS.NS,NSE
SMCGLOBAL.NS,NSE
SMLMAH.NS,NSE
SMLT.NS,NSE
SMSPHARMA.NS,NSE
SNOWMAN.NS,NSE
SOBHA.NS,NSE
SOFTTECH.NS,NSE
SOLARA.NS,NSE
SOLARINDS.NS,NSE
SOLARWORLD.NS,NSE
SOLEX.NS,NSE
SOMANYCERA.NS,NSE
SOMATEX.NS,NSE
SOMICONVEY.NS,NSE
SONACOMS.NS,NSE
SONAMLTD.NS,NSE
SONATSOFTW.NS,NSE
SOTL.NS,NSE
SOUTHBANK.NS,NSE
SOUTHWEST.NS,NSE
SPAL.NS,NSE
SPANDANA.NS,NSE
SPARC.NS,NSE
SPCENET.NS,NSE
SPECIALITY.NS,NSE
SPECTRUM.NS,NSE
SPENCERS.NS,NSE
SPIC.NS,NSE
SPLIL.NS,NSE
SPLPETRO.NS,NSE
SPMLINFRA.NS,NSE
SPORTKING.NS,NSE
SRD.NS,NSE
SREEL.NS,NSE
SRF.NS,NSE
SRGHFL.NS,NSE
SRHHYPOLTD.NS,NSE
SRM.NS,NSE
SRPL.NS,NSE
SSDL.NS,NSE
SSWL.NS,NSE
STALLION.NS,NSE
STANLEY.NS,NSE
STAR.NS,NSE
STARCEMENT.NS,NSE
STARHEALTH.NS,NSE
STARPAPER.NS,NSE
STARTECK.NS,NSE
STCINDIA.NS,NSE
STEELCAS.NS,NSE
STEELCITY.NS,NSE
STEELXIND.NS,NSE
STEL.NS,NSE
STERTOOLS.NS,NSE
STLNETWORK.NS,NSE
STLTECH.NS,NSE
STOVEKRAFT.NS,NSE
STUDDS.NS,NSE
STYL.NS,NSE
STYLAMIND.NS,NSE
STYLEBAAZA.NS,NSE
STYRENIX.NS,NSE
SUBEXLTD.NS,NSE
SUBROS.NS,NSE
SUDARSCHEM.NS,NSE
SUDEEPPHRM.NS,NSE
SUKHJITS.NS,NSE
SULA.NS,NSE
SUMEETINDS.NS,NSE
SUMICHEM.NS,NSE
SUMIT.NS,NSE
SUMMITSEC.NS,NSE
SUNCLAY.NS,NSE
SUNDARAM.NS,NSE
SUNDARMFIN.NS,NSE
SUNDRMBRAK.NS,NSE
SUNDRMFAST.NS,NSE
SUNDROP.NS,NSE
SUNFLAG.NS,NSE
SUNPHARMA.NS,NSE
SUNTECK.NS,NSE
SUNTV.NS,NSE
SUPERHOUSE.NS,NSE
SUPERSPIN.NS,NSE
SUPRAJIT.NS,NSE
SUPREME.NS,NSE
SUPREMEIND.NS,NSE
SUPREMEINF.NS,NSE
SUPRIYA.NS,NSE
SURAJEST.NS,NSE
SURAJLTD.NS,NSE
SURAKSHA.NS,NSE
SURANASOL.NS,NSE
SURYALAXMI.NS,NSE
SURYAROSNI.NS,NSE
SURYODAY.NS,NSE
SUTLEJTEX.NS,NSE
SUVEN.NS,NSE
SUVIDHAA.NS,NSE
SUYOG.NS,NSE
SUZLON.NS,NSE
SVLL.NS,NSE
SVPGLOB.NS,NSE
SWANCORP.NS,NSE
SWANDEF.NS,NSE
SWARAJENG.NS,NSE
SWELECTES.NS,NSE
SWIGGY.NS,NSE
SWSOLAR.NS,NSE
SYMPHONY.NS,NSE
SYNCOMF.NS,NSE
SYNGENE.NS,NSE
SYRMA.NS,NSE
SYSTMTXC.NS,NSE
TAINWALCHM.NS,NSE
TAJGVK.NS,NSE
TAKE.NS,NSE
TALBROAUTO.NS,NSE
TANLA.NS,NSE
TARACHAND.NS,NSE
TARAPUR.NS,NSE
TARC.NS,NSE
TARIL.NS,NSE
TARMAT.NS,NSE
TARSONS.NS,NSE
TASTYBITE.NS,NSE
TATACAP.NS,NSE
TATACHEM.NS,NSE
TATACOMM.NS,NSE
TATACONSUM.NS,NSE
TATAELXSI.NS,NSE
TATAINVEST.NS,NSE
TATAPOWER.NS,NSE
TATASTEEL.NS,NSE
TATATECH.NS,NSE
TATVA.NS,NSE
TBOTEK.NS,NSE
TBZ.NS,NSE
TCI.NS,NSE
TCIEXP.NS,NSE
TCIFINANCE.NS,NSE
TCPLPACK.NS,NSE
TCS.NS,NSE
TDPOWERSYS.NS,NSE
TEAMGTY.NS,NSE
TEAMLEASE.NS,NSE
TECHM.NS,NSE
TECHNOE.NS,NSE
TECILCHEM.NS,NSE
TEGA.NS,NSE
TEJASNET.NS,NSE
TEMBO.NS,NSE
TENNIND.NS,NSE
TERASOFT.NS,NSE
TEXINFRA.NS,NSE
TEXMOPIPES.NS,NSE
TEXRAIL.NS,NSE
TFCILTD.NS,NSE
TFL.NS,NSE
TGBHOTELS.NS,NSE
THANGAMAYL.NS,NSE
THEINVEST.NS,NSE
THEJO.NS,NSE
THELEELA.NS,NSE
THEMISMED.NS,NSE
THERMAX.NS,NSE
THOMASCOOK.NS,NSE
THOMASCOTT.NS,NSE
THYROCARE.NS,NSE
TI.NS,NSE
TICL.NS,NSE
TIGERLOGS.NS,NSE
TIIL.NS,NSE
TIINDIA.NS,NSE
TIJARIA.NS,NSE
TIL.NS,NSE
TIMETECHNO.NS,NSE
TIMKEN.NS,NSE
TINNARUBR.NS,NSE
TIPSFILMS.NS,NSE
TIPSMUSIC.NS,NSE
TIRUMALCHM.NS,NSE
TIRUPATIFL.NS,NSE
TITAGARH.NS,NSE
TITAN.NS,NSE
TMB.NS,NSE
TMCV.NS,NSE
TMPV.NS,NSE
TNPETRO.NS,NSE
TNPL.NS,NSE
TNTELE.NS,NSE
TOKYOPLAST.NS,NSE
TOLINS.NS,NSE
TORNTPHARM.NS,NSE
TORNTPOWER.NS,NSE
TOTAL.NS,NSE
TOUCHWOOD.NS,NSE
TPHQ.NS,NSE
TPLPLASTEH.NS,NSE
TRACXN.NS,NSE
TRANSRAILL.NS,NSE
TRANSWORLD.NS,NSE
TRAVELFOOD.NS,NSE
TREEHOUSE.NS,NSE
TREJHARA.NS,NSE
TREL.NS,NSE
TRENT.NS,NSE
TRF.NS,NSE
TRIDENT.NS,NSE
TRIGYN.NS,NSE
TRITURBINE.NS,NSE
TRIVENI.NS,NSE
TRU.NS,NSE
TRUALT.NS,NSE
TSFINV.NS,NSE
TTKHLTCARE.NS,NSE
TTKPRESTIG.NS,NSE
TTL.NS,NSE
TTML.NS,NSE
TVSELECT.NS,NSE
TVSHLTD.NS,NSE
TVSMOTOR.NS,NSE
TVSSCS.NS,NSE
TVSSRICHAK.NS,NSE
TVTODAY.NS,NSE
TVVISION.NS,NSE
UBL.NS,NSE
UCAL.NS,NSE
UCOBANK.NS,NSE
UDS.NS,NSE
UFBL.NS,NSE
UFLEX.NS,NSE
UFO.NS,NSE
UGARSUGAR.NS,NSE
UGROCAP.NS,NSE
UJJIVANSFB.NS,NSE
ULTRACEMCO.NS,NSE
UMAEXPORTS.NS,NSE
UMESLTD.NS,NSE
UMIYA-MRO.NS,NSE
UNICHEMLAB.NS,NSE
UNIDT.NS,NSE
UNIECOM.NS,NSE
UNIENTER.NS,NSE
UNIINFO.NS,NSE
UNIMECH.NS,NSE
UNIONBANK.NS,NSE
UNIPARTS.NS,NSE
UNITDSPR.NS,NSE
UNITECH.NS,NSE
UNITEDPOLY.NS,NSE
UNITEDTEA.NS,NSE
UNIVASTU.NS,NSE
UNIVCABLES.NS,NSE
UNIVPHOTO.NS,NSE
UNOMINDA.NS,NSE
UPL.NS,NSE
URAVIDEF.NS,NSE
URBANCO.NS,NSE
URJA.NS,NSE
USHAMART.NS,NSE
USK.NS,NSE
UTIAMC.NS,NSE
UTKARSHBNK.NS,NSE
UTLSOLAR.NS,NSE
UTTAMSUGAR.NS,NSE
UYFINCORP.NS,NSE
V2RETAIL.NS,NSE
VADILALIND.NS,NSE
VAIBHAVGBL.NS,NSE
VAISHALI.NS,NSE
VAKRANGEE.NS,NSE
VALIANTLAB.NS,NSE
VALIANTORG.NS,NSE
VARDHACRLC.NS,NSE
VARDMNPOLY.NS,NSE
VARROC.NS,NSE
VASCONEQ.NS,NSE
VASWANI.NS,NSE
VBL.NS,NSE
VCL.NS,NSE
VEDL.NS,NSE
VEEDOL.NS,NSE
VENKEYS.NS,NSE
VENTIVE.NS,NSE
VENUSPIPES.NS,NSE
VENUSREM.NS,NSE
VERANDA.NS,NSE
VERTOZ.NS,NSE
VESUVIUS.NS,NSE
VETO.NS,NSE
VGL.NS,NSE
VGUARD.NS,NSE
VHL.NS,NSE
VHLTD.NS,NSE
VIDHIING.NS,NSE
VIDYAWIRES.NS,NSE
VIJAYA.NS,NSE
VIJIFIN.NS,NSE
VIKASECO.NS,NSE
VIKASLIFE.NS,NSE
VIKRAMSOLR.NS,NSE
VIKRAN.NS,NSE
VIMTALABS.NS,NSE
VINATIORGA.NS,NSE
VINCOFE.NS,NSE
VINDHYATEL.NS,NSE
VINEET-RE.NS,NSE
VINEETLAB.NS,NSE
VINNY.NS,NSE
VINYLINDIA.NS,NSE
VIPCLOTHNG.NS,NSE
VIPIND.NS,NSE
VIPULLTD.NS,NSE
VIRINCHI.NS,NSE
VISAKAIND.NS,NSE
VISASTEEL.NS,NSE
VISHNU.NS,NSE
VISHWARAJ.NS,NSE
VIVIDHA.NS,NSE
VIVIMEDLAB.NS,NSE
VLEGOV.NS,NSE
VLSFINANCE.NS,NSE
VMART.NS,NSE
VMM.NS,NSE
VMSTMT.NS,NSE
VOLTAMP.NS,NSE
VOLTAS.NS,NSE
VPRPL.NS,NSE
VRAJ.NS,NSE
VRLLOG.NS,NSE
VSSL.NS,NSE
VSTIND.NS,NSE
VSTL.NS,NSE
VSTTILLERS.NS,NSE
VTL.NS,NSE
WAAREEENER.NS,NSE
WAAREEINDO.NS,NSE
WAAREERTL.NS,NSE
WABAG.NS,NSE
WAKEFIT.NS,NSE
WALCHANNAG.NS,NSE
WANBURY.NS,NSE
WCIL.NS,NSE
WEALTH.NS,NSE
WEBELSOLAR.NS,NSE
WEIZMANIND.NS,NSE
WEL.NS,NSE
WELCORP.NS,NSE
WELENT.NS,NSE
WELINV.NS,NSE
WELSPUNLIV.NS,NSE
WENDT.NS,NSE
WESTLIFE.NS,NSE
WEWIN.NS,NSE
WEWORK.NS,NSE
WHEELS.NS,NSE
WHIRLPOOL.NS,NSE
WILLAMAGOR.NS,NSE
WINDLAS.NS,NSE
WINDMACHIN.NS,NSE
WINSOME.NS,NSE
WIPL.NS,NSE
WIPRO.NS,NSE
WOCKPHARMA.NS,NSE
WONDERLA.NS,NSE
WORTHPERI.NS,NSE
WSI.NS,NSE
WSTCSTPAPR.NS,NSE
XCHANGING.NS,NSE
XELPMOC.NS,NSE
XPROINDIA.NS,NSE
XTGLOBAL.NS,NSE
YASHO.NS,NSE
YATHARTH.NS,NSE
YATRA.NS,NSE
YESBANK.NS,NSE
YUKEN.NS,NSE
ZAGGLE.NS,NSE
ZEEL.NS,NSE
ZEELEARN.NS,NSE
ZEEMEDIA.NS,NSE
ZENITHEXPO.NS,NSE
ZENITHSTL.NS,NSE
ZENSARTECH.NS,NSE
ZENTEC.NS,NSE
ZFCVINDIA.NS,NSE
ZIMLAB.NS,NSE
ZODIAC.NS,NSE
ZODIACLOTH.NS,NSE
ZOTA.NS,NSE
ZUARI.NS,NSE
ZUARIIND.NS,NSE
ZYDUSLIFE.NS,NSE
ZYDUSWELL.NS,NSE
20MICRONS.BO,BSE
21STCENMGM.BO,BSE
360ONE.BO,BSE
3IINFOLTD.BO,BSE
3MINDIA.BO,BSE
3PLAND.BO,BSE
5PAISA.BO,BSE
63MOONS.BO,BSE
A2ZINFRA.BO,BSE
AAATECH.BO,BSE
AADHARHFC.BO,BSE
AAKASH.BO,BSE
AAREYDRUGS.BO,BSE
AARON.BO,BSE
AARTECH.BO,BSE
AARTIDRUGS.BO,BSE
AARTIIND.BO,BSE
AARTIPHARM.BO,BSE
AARTISURF.BO,BSE
AARVI.BO,BSE
AAVAS.BO,BSE
ABAN.BO,BSE
ABB.BO,BSE
ABBOTINDIA.BO,BSE
ABCAPITAL.BO,BSE
ABCOTS.BO,BSE
ABDL.BO,BSE
ABFRL.BO,BSE
ABINFRA.BO,BSE
ABLBL.BO,BSE
ABMINTLLTD.BO,BSE
ABREL.BO,BSE
ABSLAMC.BO,BSE
ACC.BO,BSE
ACCELYA.BO,BSE
ACCURACY.BO,BSE
ACE.BO,BSE
ACEINTEG.BO,BSE
ACI.BO,BSE
ACL.BO,BSE
ACMESOLAR.BO,BSE
ACUTAAS.BO,BSE
ADANIENSOL.BO,BSE
ADANIENT.BO,BSE
ADANIGREEN.BO,BSE
ADANIPORTS.BO,BSE
ADANIPOWER.BO,BSE
ADFFOODS.BO,BSE
ADL.BO,BSE
ADOR.BO,BSE
ADROITINFO.BO,BSE
ADSL.BO,BSE
ADVANCE.BO,BSE
ADVANIHOTR.BO,BSE
ADVENTHTL.BO,BSE
ADVENZYMES.BO,BSE
AEGISLOG.BO,BSE
AEGISVOPAK.BO,BSE
AEQUS.BO,BSE
AEROENTER.BO,BSE
AEROFLEX.BO,BSE
AERONEU.BO,BSE
AETHER.BO,BSE
AFCONS.BO,BSE
AFFLE.BO,BSE
AFFORDABLE.BO,BSE
AFIL.BO,BSE
AFSL.BO,BSE
AGARIND.BO,BSE
AGARWALEYE.BO,BSE
AGI.BO,BSE
AGIIL.BO,BSE
AGRITECH.BO,BSE
AGROPHOS.BO,BSE
AGSTRA.BO,BSE
AHCL.BO,BSE
AHLADA.BO,BSE
AHLEAST.BO,BSE
AHLUCONT.BO,BSE
AIAENG.BO,BSE
AIIL.BO,BSE
AIRAN.BO,BSE
AIROLAM.BO,BSE
AJANTPHARM.BO,BSE
AJAXENGG.BO,BSE
AJMERA.BO,BSE
AJOONI.BO,BSE
AKASH.BO,BSE
AKG.BO,BSE
AKI.BO,BSE
AKSHAR.BO,BSE
AKSHARCHEM.BO,BSE
AKSHOPTFBR.BO,BSE
AKUMS.BO,BSE
AKZOINDIA.BO,BSE
ALANKIT.BO,BSE
ALBERTDAVD.BO,BSE
ALEMBICLTD.BO,BSE
ALGOQUANT.BO,BSE
ALICON.BO,BSE
ALIVUS.BO,BSE
ALKALI.BO,BSE
ALKEM.BO,BSE
ALKYLAMINE.BO,BSE
ALLCARGO.BO,BSE
ALLDIGI.BO,BSE
ALLTIME.BO,BSE
ALMONDZ.BO,BSE
ALOKINDS.BO,BSE
ALPA.BO,BSE
ALPHAGEO.BO,BSE
AMANTA.BO,BSE
AMBER.BO,BSE
AMBICAAGAR.BO,BSE
AMBIKCO.BO,BSE
AMBUJACEM.BO,BSE
AMDIND.BO,BSE
AMJLAND.BO,BSE
AMNPLST.BO,BSE
AMRUTANJAN.BO,BSE
ANANDRATHI.BO,BSE
ANANTRAJ.BO,BSE
ANDHRAPAP.BO,BSE
ANDHRSUGAR.BO,BSE
ANGELONE.BO,BSE
ANIKINDS.BO,BSE
ANKITMETAL.BO,BSE
ANMOL.BO,BSE
ANSALAPI.BO,BSE
ANTELOPUS.BO,BSE
ANTGRAPHIC.BO,BSE
ANTHEM.BO,BSE
ANUHPHR.BO,BSE
ANUP.BO,BSE
ANURAS.BO,BSE
APARINDS.BO,BSE
APCL.BO,BSE
APCOTEXIND.BO,BSE
APEX.BO,BSE
APLAPOLLO.BO,BSE
APLLTD.BO,BSE
APOLLO.BO,BSE
APOLLOHOSP.BO,BSE
APOLLOPIPE.BO,BSE
APOLLOTYRE.BO,BSE
APOLSINHOT.BO,BSE
APTECHT.BO,BSE
APTUS.BO,BSE
ARCHIDPLY.BO,BSE
ARCHIES.BO,BSE
ARENTERP.BO,BSE
ARFIN.BO,BSE
ARIES.BO,BSE
ARIHANTCAP.BO,BSE
ARIHANTSUP.BO,BSE
ARISINFRA.BO,BSE
ARKADE.BO,BSE
ARMANFIN.BO,BSE
AROGRANITE.BO,BSE
ARROWGREEN.BO,BSE
ARSHIYA.BO,BSE
ARSSBL.BO,BSE
ARTEMISMED.BO,BSE
ARTNIRMAN.BO,BSE
ARVEE.BO,BSE
ARVIND.BO,BSE
ARVINDFASN.BO,BSE
ARVSMART.BO,BSE
ASAHIINDIA.BO,BSE
ASAHISONG.BO,BSE
ASAL.BO,BSE
ASALCBR.BO,BSE
ASHAPURMIN.BO,BSE
ASHIANA.BO,BSE
ASHIMASYN.BO,BSE
ASHOKA.BO,BSE
ASHOKAMET.BO,BSE
ASHOKLEY.BO,BSE
ASIANENE.BO,BSE
ASIANHOTNR.BO,BSE
ASIANPAINT.BO,BSE
ASIANTILES.BO,BSE
ASKAUTOLTD.BO,BSE
ASMS.BO,BSE
ASPINWALL.BO,BSE
ASTEC.BO,BSE
ASTERDM.BO,BSE
ASTRAL.BO,BSE
ASTRAMICRO.BO,BSE
ASTRAZEN.BO,BSE
ASTRON.BO,BSE
ATALREAL.BO,BSE
ATAM.BO,BSE
ATGL.BO,BSE
ATHERENERG.BO,BSE
ATL.BO,BSE
ATLANTAA.BO,BSE
ATLANTAELE.BO,BSE
ATLASCYCLE.BO,BSE
ATUL.BO,BSE
ATULAUTO.BO,BSE
AUBANK.BO,BSE
AURIGROW.BO,BSE
AURIONPRO.BO,BSE
AUROPHARMA.BO,BSE
AURUM.BO,BSE
AUSOMENT.BO,BSE
AUTOAXLES.BO,BSE
AUTOIND.BO,BSE
AVADHSUGAR.BO,BSE
AVALON.BO,BSE
AVANTEL.BO,BSE
AVANTIFEED.BO,BSE
AVG.BO,BSE
AVL.BO,BSE
AVONMORE.BO,BSE
AVROIND.BO,BSE
AVTNPL.BO,BSE
AWFIS.BO,BSE
AWHCL.BO,BSE
AWL.BO,BSE
AXISBANK.BO,BSE
AXISCADES.BO,BSE
AXITA.BO,BSE
AYMSYNTEX.BO,BSE
AZAD.BO,BSE
BAFNAPH.BO,BSE
BAGFILMS.BO,BSE
BAIDFIN.BO,BSE
BAJAJ-AUTO.BO,BSE
BAJAJCON.BO,BSE
BAJAJELEC.BO,BSE
BAJAJFINSV.BO,BSE
BAJAJHCARE.BO,BSE
BAJAJHFL.BO,BSE
BAJAJHIND.BO,BSE
BAJAJHLDNG.BO,BSE
BAJAJINDEF.BO,BSE
BAJEL.BO,BSE
BAJFINANCE.BO,BSE
BALAJEE.BO,BSE
BALAJITELE.BO,BSE
BALAMINES.BO,BSE
BALAXI.BO,BSE
BALKRISHNA.BO,BSE
BALKRISIND.BO,BSE
BALMLAWRIE.BO,BSE
BALPHARMA.BO,BSE
BALRAMCHIN.BO,BSE
BALUFORGE.BO,BSE
BANARBEADS.BO,BSE
BANARISUG.BO,BSE
BANCOINDIA.BO,BSE
BANDHANBNK.BO,BSE
BANG.BO,BSE
BANKA.BO,BSE
BANKBARODA.BO,BSE
BANKINDIA.BO,BSE
BANSALWIRE.BO,BSE
BANSWRAS.BO,BSE
BASF.BO,BSE
BASML.BO,BSE
BATAINDIA.BO,BSE
BAYERCROP.BO,BSE
BBL.BO,BSE
BBOX.BO,BSE
BBTC.BO,BSE
BBTCL.BO,BSE
BCG.BO,BSE
BCLIND.BO,BSE
BCONCEPTS.BO,BSE
BDL.BO,BSE
BEARDSELL.BO,BSE
BECTORFOOD.BO,BSE
BEDMUTHA.BO,BSE
BEL.BO,BSE
BELLACASA.BO,BSE
BELRISE.BO,BSE
BEML.BO,BSE
BEPL.BO,BSE
BERGEPAINT.BO,BSE
BESTAGRO.BO,BSE
BETA.BO,BSE
BFINVEST.BO,BSE
BFUTILITIE.BO,BSE
BGRENERGY.BO,BSE
BHAGCHEM.BO,BSE
BHAGERIA.BO,BSE
BHAGYANGR.BO,BSE
BHANDARI.BO,BSE
BHARATFORG.BO,BSE
BHARATGEAR.BO,BSE
BHARATRAS.BO,BSE
BHARATSE.BO,BSE
BHARATWIRE.BO,BSE
BHARTIARTL.BO,BSE
BHARTIHEXA.BO,BSE
BHEL.BO,BSE
BIGBLOC.BO,BSE
BIKAJI.BO,BSE
BIL.BO,BSE
BILVYAPAR.BO,BSE
BIOCON.BO,BSE
BIOFILCHEM.BO,BSE
BIRLACABLE.BO,BSE
BIRLACORPN.BO,BSE
BIRLAMONEY.BO,BSE
BIRLANU.BO,BSE
BLACKBUCK.BO,BSE
BLAL.BO,BSE
BLBLIMITED.BO,BSE
BLISSGVS.BO,BSE
BLKASHYAP.BO,BSE
BLS.BO,BSE
BLSE.BO,BSE
BLUECOAST.BO,BSE
BLUEDART.BO,BSE
BLUEJET.BO,BSE
BLUESTARCO.BO,BSE
BLUESTONE.BO,BSE
BLUSPRING.BO,BSE
BMWVENTLTD.BO,BSE
BODALCHEM.BO,BSE
BOHRAIND.BO,BSE
BOMDYEING.BO,BSE
BORANA.BO,BSE
BOROLTD.BO,BSE
BORORENEW.BO,BSE
BOROSCI.BO,BSE
BOSCH-HCIL.BO,BSE
BOSCHLTD.BO,BSE
BPCL.BO,BSE
BPL.BO,BSE
BRIGADE.BO,BSE
BRIGHOTEL.BO,BSE
BRITANNIA.BO,BSE
BRNL.BO,BSE
BROOKS.BO,BSE
BSE.BO,BSE
BSHSL.BO,BSE
BSL.BO,BSE
BSOFT.BO,BSE
BTML.BO,BSE
BUILDPRO.BO,BSE
BUTTERFLY.BO,BSE
BVCL.BO,BSE
BYKE.BO,BSE
CALSOFT.BO,BSE
CAMLINFINE.BO,BSE
CAMPUS.BO,BSE
CAMS.BO,BSE
CANBK.BO,BSE
CANFINHOME.BO,BSE
CANHLIFE.BO,BSE
CANTABIL.BO,BSE
CAPACITE.BO,BSE
CAPILLARY.BO,BSE
CAPITALSFB.BO,BSE
CAPLIPOINT.BO,BSE
CAPTRUST.BO,BSE
CARBORUNIV.BO,BSE
CARERATING.BO,BSE
CARRARO.BO,BSE
CARTRADE.BO,BSE
CARYSIL.BO,BSE
CASTROLIND.BO,BSE
CCCL.BO,BSE
CCHHL.BO,BSE
CCL.BO,BSE
CDSL.BO,BSE
CEATLTD.BO,BSE
CEIGALL.BO,BSE
CELEBRITY.BO,BSE
CELLO.BO,BSE
CEMPRO.BO,BSE
CENTENKA.BO,BSE
CENTEXT.BO,BSE
CENTRALBK.BO,BSE
CENTRUM.BO,BSE
CENTUM.BO,BSE
CENTURYPLY.BO,BSE
CERA.BO,BSE
CEREBRAINT.BO,BSE
CESC.BO,BSE
CEWATER.BO,BSE
CGCL.BO,BSE
CGPOWER.BO,BSE
CHALET.BO,BSE
CHAMBLFERT.BO,BSE
CHEMBOND.BO,BSE
CHEMBONDCH.BO,BSE
CHEMCON.BO,BSE
CHEMFAB.BO,BSE
CHEMPLASTS.BO,BSE
CHENNPETRO.BO,BSE
CHEVIOT.BO,BSE
CHOICEIN.BO,BSE
CHOLAFIN.BO,BSE
CHOLAHLDNG.BO,BSE
CIEINDIA.BO,BSE
CIFL.BO,BSE
CIGNITITEC.BO,BSE
CINELINE.BO,BSE
CINEVISTA.BO,BSE
CIPLA.BO,BSE
CLEAN.BO,BSE
CLEDUCATE.BO,BSE
CLSEL.BO,BSE
CMSINFO.BO,BSE
CNL.BO,BSE
COALINDIA.BO,BSE
COASTCORP.BO,BSE
COCHINSHIP.BO,BSE
COFFEEDAY.BO,BSE
COFORGE.BO,BSE
COHANCE.BO,BSE
COLPAL.BO,BSE
COMPINFO.BO,BSE
COMPUSOFT.BO,BSE
COMSYN.BO,BSE
CONCOR.BO,BSE
CONCORDBIO.BO,BSE
CONFIPET.BO,BSE
CONSOFINVT.BO,BSE
CONTROLPR.BO,BSE
CORALFINAC.BO,BSE
CORDSCABLE.BO,BSE
COROMANDEL.BO,BSE
CORONA.BO,BSE
COSMOFIRST.BO,BSE
COUNCODOS.BO,BSE
CPCAP.BO,BSE
CPEDU.BO,BSE
CPPLUS.BO,BSE
CRAFTSMAN.BO,BSE
CRAMC.BO,BSE
CREATIVEYE.BO,BSE
CREDITACC.BO,BSE
CREST.BO,BSE
CRISIL.BO,BSE
CRIZAC.BO,BSE
CROMPTON.BO,BSE
CROWN.BO,BSE
CSBBANK.BO,BSE
CSLFINANCE.BO,BSE
CTE.BO,BSE
CUB.BO,BSE
CUBEXTUB.BO,BSE
CUMMINSIND.BO,BSE
CUPID.BO,BSE
CURAA.BO,BSE
CYBERMEDIA.BO,BSE
CYBERTECH.BO,BSE
CYIENT.BO,BSE
CYIENTDLM.BO,BSE
DABUR.BO,BSE
DALBHARAT.BO,BSE
DALMIASUG.BO,BSE
DAMCAPITAL.BO,BSE
DAMODARIND.BO,BSE
DANGEE.BO,BSE
DATAMATICS.BO,BSE
DATAPATTNS.BO,BSE
DAVANGERE.BO,BSE
DBCORP.BO,BSE
DBEIL.BO,BSE
DBL.BO,BSE
DBOL.BO,BSE
DBREALTY.BO,BSE
DBSTOCKBRO.BO,BSE
DCAL.BO,BSE
DCBBANK.BO,BSE
DCI.BO,BSE
DCM.BO,BSE
DCMFINSERV.BO,BSE
DCMNVL.BO,BSE
DCMSHRIRAM.BO,BSE
DCMSRIND.BO,BSE
DCW.BO,BSE
DCXINDIA.BO,BSE
DDEVPLSTIK.BO,BSE
DECCANCE.BO,BSE
DEEDEV.BO,BSE
DEEPAKFERT.BO,BSE
DEEPAKNTR.BO,BSE
DEEPINDS.BO,BSE
DELHIVERY.BO,BSE
DELPHIFX.BO,BSE
DELTACORP.BO,BSE
DELTAMAGNT.BO,BSE
DEN.BO,BSE
DENORA.BO,BSE
DENTA.BO,BSE
DEVIT.BO,BSE
DEVX.BO,BSE
DEVYANI.BO,BSE
DGCONTENT.BO,BSE
DHAMPURSUG.BO,BSE
DHANBANK.BO,BSE
DHANUKA.BO,BSE
DHARAN.BO,BSE
DHARMAJ.BO,BSE
DHRUV.BO,BSE
DHUNINV.BO,BSE
DIACABS.BO,BSE
DIAMINESQ.BO,BSE
DIAMONDYD.BO,BSE
DICIND.BO,BSE
DIFFNKG.BO,BSE
DIGIDRIVE.BO,BSE
DIGISPICE.BO,BSE
DIGITIDE.BO,BSE
DIGJAMLMTD.BO,BSE
DIL.BO,BSE
DISHTV.BO,BSE
DIVGIITTS.BO,BSE
DIVISLAB.BO,BSE
DIXON.BO,BSE
DJML.BO,BSE
DLF.BO,BSE
DLINKINDIA.BO,BSE
DMART.BO,BSE
DMCC.BO,BSE
DNAMEDIA.BO,BSE
DODLA.BO,BSE
DOLATALGO.BO,BSE
DOLLAR.BO,BSE
DOLPHIN.BO,BSE
DOMS.BO,BSE
DONEAR.BO,BSE
DPABHUSHAN.BO,BSE
DPSCLTD.BO,BSE
DPWIRES.BO,BSE
DRCSYSTEMS.BO,BSE
DREAMFOLKS.BO,BSE
DREDGECORP.BO,BSE
DRREDDY.BO,BSE
DSSL.BO,BSE
DTIL.BO,BSE
DUCON.BO,BSE
DVL.BO,BSE
DWARKESH.BO,BSE
DYCL.BO,BSE
DYNAMATECH.BO,BSE
DYNPRO.BO,BSE
E2E.BO,BSE
EASEMYTRIP.BO,BSE
EBGNG.BO,BSE
ECLERX.BO,BSE
ECOSMOBLTY.BO,BSE
EDELWEISS.BO,BSE
EFCIL.BO,BSE
EICHERMOT.BO,BSE
EIDPARRY.BO,BSE
EIEL.BO,BSE
EIFFL.BO,BSE
EIHAHOTELS.BO,BSE
EIHOTEL.BO,BSE
EIMCOELECO.BO,BSE
EKC.BO,BSE
ELDEHSG.BO,BSE
ELECON.BO,BSE
ELECTCAST.BO,BSE
ELECTHERM.BO,BSE
ELGIEQUIP.BO,BSE
ELGIRUBCO.BO,BSE
ELIN.BO,BSE
ELLEN.BO,BSE
EMAMILTD.BO,BSE
EMAMIPAP.BO,BSE
EMAMIREAL.BO,BSE
EMBDL.BO,BSE
EMCURE.BO,BSE
EMIL.BO,BSE
EMKAY.BO,BSE
EMMBI.BO,BSE
EMMVEE.BO,BSE
EMSLIMITED.BO,BSE
EMUDHRA.BO,BSE
ENDURANCE.BO,BSE
ENERGYDEV.BO,BSE
ENGINERSIN.BO,BSE
ENIL.BO,BSE
ENRIN.BO,BSE
ENTERO.BO,BSE
EPACK.BO,BSE
EPACKPEB.BO,BSE
EPIGRAL.BO,BSE
EPL.BO,BSE
EQUIPPP.BO,BSE
EQUITASBNK.BO,BSE
ERIS.BO,BSE
ESABINDIA.BO,BSE
ESAFSFB.BO,BSE
ESCORTS.BO,BSE
ESSARSHPNG.BO,BSE
ESSENTIA.BO,BSE
ESTER.BO,BSE
ETERNAL.BO,BSE
ETHOSLTD.BO,BSE
EUREKAFORB.BO,BSE
EUROBOND.BO,BSE
EUROPRATIK.BO,BSE
EUROTEXIND.BO,BSE
EVEREADY.BO,BSE
EVERESTIND.BO,BSE
EXCEL.BO,BSE
EXCELINDUS.BO,BSE
EXCELSOFT.BO,BSE
EXICOM.BO,BSE
EXIDEIND.BO,BSE
EXPLEOSOL.BO,BSE
EXXARO.BO,BSE
FABTECH.BO,BSE
FACT.BO,BSE
FAIRCHEMOR.BO,BSE
FAZE3Q.BO,BSE
FCL.BO,BSE
FCSSOFT.BO,BSE
FDC.BO,BSE
FEDERALBNK.BO,BSE
FEDFINA.BO,BSE
FEL.BO,BSE
FELDVR.BO,BSE
FIBERWEB.BO,BSE
FIEMIND.BO,BSE
FILATEX.BO,BSE
FILATFASH.BO,BSE
FINCABLES.BO,BSE
FINEORG.BO,BSE
FINKURVE.BO,BSE
FINOPB.BO,BSE
FINPIPE.BO,BSE
FIRSTCRY.BO,BSE
FISCHER.BO,BSE
FIVESTAR.BO,BSE
FLAIR.BO,BSE
FLEXITUFF.BO,BSE
FLFL.BO,BSE
FLUOROCHEM.BO,BSE
FMGOETZE.BO,BSE
FMNL.BO,BSE
FOCUS.BO,BSE
FOODSIN.BO,BSE
FORCEMOT.BO,BSE
FORTIS.BO,BSE
FOSECOIND.BO,BSE
FSL.BO,BSE
FUSION.BO,BSE
GABRIEL.BO,BSE
GAEL.BO,BSE
GAIL.BO,BSE
GALAPREC.BO,BSE
GALAXYSURF.BO,BSE
GALLANTT.BO,BSE
GANDHAR.BO,BSE
GANDHITUBE.BO,BSE
GANECOS.BO,BSE
GANESHBE.BO,BSE
GANESHCP.BO,BSE
GANESHHOU.BO,BSE
GANGAFORGE.BO,BSE
GANGESSECU.BO,BSE
GARFIBRES.BO,BSE
GARUDA.BO,BSE
GATECH.BO,BSE
GATECHDVR.BO,BSE
GATEWAY.BO,BSE
GAYAHWS.BO,BSE
GCSL.BO,BSE
GEECEE.BO,BSE
GEEKAYWIRE.BO,BSE
GEMAROMA.BO,BSE
GENCON.BO,BSE
GENESYS.BO,BSE
GENSOL.BO,BSE
GENUSPAPER.BO,BSE
GENUSPOWER.BO,BSE
GEOJITFSL.BO,BSE
GESHIP.BO,BSE
GFLLIMITED.BO,BSE
GHCL.BO,BSE
GHCLTEXTIL.BO,BSE
GICHSGFIN.BO,BSE
GICRE.BO,BSE
GILLANDERS.BO,BSE
GILLETTE.BO,BSE
GINNIFILA.BO,BSE
GIPCL.BO,BSE
GKENERGY.BO,BSE
GKSL.BO,BSE
GKWLIMITED.BO,BSE
GLAND.BO,BSE
GLAXO.BO,BSE
GLENMARK.BO,BSE
GLOBAL.BO,BSE
GLOBALE.BO,BSE
GLOBALVECT.BO,BSE
GLOBE.BO,BSE
GLOBECIVIL.BO,BSE
GLOBUSSPR.BO,BSE
GLOSTERLTD.BO,BSE
GLOTTIS.BO,BSE
GMBREW.BO,BSE
GMDCLTD.BO,BSE
GMMPFAUDLR.BO,BSE
GMRAIRPORT.BO,BSE
GNA.BO,BSE
GNFC.BO,BSE
GOACARBON.BO,BSE
GOCLCORP.BO,BSE
GOCOLORS.BO,BSE
GODAVARIB.BO,BSE
GODFRYPHLP.BO,BSE
GODIGIT.BO,BSE
GODREJAGRO.BO,BSE
GODREJCP.BO,BSE
GODREJIND.BO,BSE
GODREJPROP.BO,BSE
GOKEX.BO,BSE
GOKUL.BO,BSE
GOKULAGRO.BO,BSE
GOLDENTOBC.BO,BSE
GOLDIAM.BO,BSE
GOLDTECH.BO,BSE
GOODLUCK.BO,BSE
GOPAL.BO,BSE
GOYALALUM.BO,BSE
GPIL.BO,BSE
GPPL.BO,BSE
GPTHEALTH.BO,BSE
GPTINFRA.BO,BSE
GRANULES.BO,BSE
GRAPHITE.BO,BSE
GRASIM.BO,BSE
GRAVITA.BO,BSE
GREAVESCOT.BO,BSE
GREENLAM.BO,BSE
GREENPANEL.BO,BSE
GREENPLY.BO,BSE
GREENPOWER.BO,BSE
GRINDWELL.BO,BSE
GRINFRA.BO,BSE
GRMOVER.BO,BSE
GROBTEA.BO,BSE
GROWW.BO,BSE
GRPLTD.BO,BSE
GRSE.BO,BSE
GRWRHITECH.BO,BSE
GSFC.BO,BSE
GSLSU.BO,BSE
GSPL.BO,BSE
GSS.BO,BSE
GTECJAINX.BO,BSE
GTL.BO,BSE
GTLINFRA.BO,BSE
GTPL.BO,BSE
GUFICBIO.BO,BSE
GUJALKALI.BO,BSE
GUJAPOLLO.BO,BSE
GUJGASLTD.BO,BSE
GUJRAFFIA.BO,BSE
GUJTHEM.BO,BSE
GULFOILLUB.BO,BSE
GULFPETRO.BO,BSE
GULPOLY.BO,BSE
GVKPIL.BO,BSE
GVPIL.BO,BSE
GVPTECH.BO,BSE
HAL.BO,BSE
HALEOSLABS.BO,BSE
HAPPSTMNDS.BO,BSE
HAPPYFORGE.BO,BSE
HARDWYN.BO,BSE
HARIOMPIPE.BO,BSE
HARRMALAYA.BO,BSE
HARSHA.BO,BSE
HATHWAY.BO,BSE
HATSUN.BO,BSE
HAVELLS.BO,BSE
HAVISHA.BO,BSE
HBLENGINE.BO,BSE
HBSL.BO,BSE
HCC.BO,BSE
HCG.BO,BSE
HCL-INSYS.BO,BSE
HCLTECH.BO,BSE
HDBFS.BO,BSE
HDFCAMC.BO,BSE
HDFCBANK.BO,BSE
HDFCLIFE.BO,BSE
HDIL.BO,BSE
HEADSUP.BO,BSE
HECPROJECT.BO,BSE
HEG.BO,BSE
HEIDELBERG.BO,BSE
HEMIPROP.BO,BSE
HERANBA.BO,BSE
HERITGFOOD.BO,BSE
HEROMOTOCO.BO,BSE
HESTERBIO.BO,BSE
HEUBACHIND.BO,BSE
HEXATRADEX.BO,BSE
HEXT.BO,BSE
HFCL.BO,BSE
HGINFRA.BO,BSE
HGM.BO,BSE
HGS.BO,BSE
HIKAL.BO,BSE
HILINFRA.BO,BSE
HILTON.BO,BSE
HIMATSEIDE.BO,BSE
HINDALCO.BO,BSE
HINDCOMPOS.BO,BSE
HINDCON.BO,BSE
HINDCOPPER.BO,BSE
HINDOILEXP.BO,BSE
HINDPETRO.BO,BSE
HINDUNILVR.BO,BSE
HINDWAREAP.BO,BSE
HINDZINC.BO,BSE
HIRECT.BO,BSE
HISARMETAL.BO,BSE
HITECH.BO,BSE
HITECHCORP.BO,BSE
HITECHGEAR.BO,BSE
HLEGLAS.BO,BSE
HLVLTD.BO,BSE
HMAAGRO.BO,BSE
HMT.BO,BSE
HMVL.BO,BSE
HNDFDS.BO,BSE
HOMEFIRST.BO,BSE
HONASA.BO,BSE
HONAUT.BO,BSE
HONDAPOWER.BO,BSE
HPAL.BO,BSE
HPIL.BO,BSE
HPL.BO,BSE
HSCL.BO,BSE
HTMEDIA.BO,BSE
HUBTOWN.BO,BSE
HUDCO.BO,BSE
HUHTAMAKI.BO,BSE
HYBRIDFIN.BO,BSE
HYUNDAI.BO,BSE
IBULLSLTD.BO,BSE
ICDSLTD.BO,BSE
ICEMAKE.BO,BSE
ICICIAMC.BO,BSE
ICICIBANK.BO,BSE
ICICIGI.BO,BSE
ICICIPRULI.BO,BSE
ICIL.BO,BSE
ICRA.BO,BSE
IDBI.BO,BSE
IDEA.BO,BSE
IDEAFORGE.BO,BSE
IDFCFIRSTB.BO,BSE
IEX.BO,BSE
IFBAGRO.BO,BSE
IFBIND.BO,BSE
IFCI.BO,BSE
IFGLEXPOR.BO,BSE
IGARASHI.BO,BSE
IGCL.BO,BSE
IGIL.BO,BSE
IGL.BO,BSE
IGPL.BO,BSE
IIFL.BO,BSE
IIFLCAPS.BO,BSE
IITL.BO,BSE
IKIO.BO,BSE
IKS.BO,BSE
IMAGICAA.BO,BSE
IMFA.BO,BSE
IMPAL.BO,BSE
IMPEXFERRO.BO,BSE
INCREDIBLE.BO,BSE
INDBANK.BO,BSE
INDGN.BO,BSE
INDHOTEL.BO,BSE
INDIACEM.BO,BSE
INDIAGLYCO.BO,BSE
INDIAMART.BO,BSE
INDIANB.BO,BSE
INDIANCARD.BO,BSE
INDIANHUME.BO,BSE
INDIASHLTR.BO,BSE
INDIGO.BO,BSE
INDIGOPNTS.BO,BSE
INDIQUBE.BO,BSE
INDNIPPON.BO,BSE
INDOAMIN.BO,BSE
INDOBORAX.BO,BSE
INDOCO.BO,BSE
INDOFARM.BO,BSE
INDORAMA.BO,BSE
INDOSTAR.BO,BSE
INDOTECH.BO,BSE
INDOTHAI.BO,BSE
INDOUS.BO,BSE
INDOWIND.BO,BSE
INDRAMEDCO.BO,BSE
INDSWFTLAB.BO,BSE
INDTERRAIN.BO,BSE
INDUSINDBK.BO,BSE
INDUSTOWER.BO,BSE
INFIBEAM.BO,BSE
INFOBEAN.BO,BSE
INFOMEDIA.BO,BSE
INFY.BO,BSE
INGERRAND.BO,BSE
INNOVACAP.BO,BSE
INNOVANA.BO,BSE
INOXGREEN.BO,BSE
INOXINDIA.BO,BSE
INOXWIND.BO,BSE
INSECTICID.BO,BSE
INSPIRISYS.BO,BSE
INTELLECT.BO,BSE
INTENTECH.BO,BSE
INTERARCH.BO,BSE
INTLCONV.BO,BSE
INVENTURE.BO,BSE
IOB.BO,BSE
IOC.BO,BSE
IOLCP.BO,BSE
IONEXCHANG.BO,BSE
IPCALAB.BO,BSE
IPL.BO,BSE
IRB.BO,BSE
IRCON.BO,BSE
IRCTC.BO,BSE
IREDA.BO,BSE
IRFC.BO,BSE
IRIS.BO,BSE
IRISDOREME.BO,BSE
IRMENERGY.BO,BSE
ISFT.BO,BSE
ISGEC.BO,BSE
ISHANCH.BO,BSE
ITC.BO,BSE
ITCHOTELS.BO,BSE
ITDC.BO,BSE
ITI.BO,BSE
IVALUE.BO,BSE
IVC.BO,BSE
IVP.BO,BSE
IXIGO.BO,BSE
IZMO.BO,BSE
JAGRAN.BO,BSE
JAGSNPHARM.BO,BSE
JAIBALAJI.BO,BSE
JAICORPLTD.BO,BSE
JAINREC.BO,BSE
JAIPURKURT.BO,BSE
JAMNAAUTO.BO,BSE
JARO.BO,BSE
JASH.BO,BSE
JAYAGROGN.BO,BSE
JAYBARMARU.BO,BSE
JAYKAY.BO,BSE
JAYNECOIND.BO,BSE
JAYSREETEA.BO,BSE
JBCHEPHARM.BO,BSE
JBMA.BO,BSE
JETFREIGHT.BO,BSE
JGCHEM.BO,BSE
JHS.BO,BSE
JINDALPHOT.BO,BSE
JINDALPOLY.BO,BSE
JINDALSAW.BO,BSE
JINDALSTEL.BO,BSE
JINDRILL.BO,BSE
JINDWORLD.BO,BSE
JIOFIN.BO,BSE
JISLDVREQS.BO,BSE
JISLJALEQS.BO,BSE
JITFINFRA.BO,BSE
JKCEMENT.BO,BSE
JKIL.BO,BSE
JKIPL.BO,BSE
JKLAKSHMI.BO,BSE
JKPAPER.BO,BSE
JKTYRE.BO,BSE
JLHL.BO,BSE
JMA.BO,BSE
JMFINANCIL.BO,BSE
JNKINDIA.BO,BSE
JOCIL.BO,BSE
JPOLYINVST.BO,BSE
JPPOWER.BO,BSE
JSFB.BO,BSE
JSL.BO,BSE
JSLL.BO,BSE
JSWCEMENT.BO,BSE
JSWENERGY.BO,BSE
JSWHL.BO,BSE
JSWINFRA.BO,BSE
JSWSTEEL.BO,BSE
JTEKTINDIA.BO,BSE
JTLIND.BO,BSE
JUBLCPL.BO,BSE
JUBLFOOD.BO,BSE
JUBLINGREA.BO,BSE
JUBLPHARMA.BO,BSE
JUNIPER.BO,BSE
JUSTDIAL.BO,BSE
JWL.BO,BSE
JYOTHYLAB.BO,BSE
JYOTICNC.BO,BSE
JYOTISTRUC.BO,BSE
KABRAEXTRU.BO,BSE
KAJARIACER.BO,BSE
KAKATCEM.BO,BSE
KALAMANDIR.BO,BSE
KALPATARU.BO,BSE
KALYANI.BO,BSE
KALYANIFRG.BO,BSE
KALYANKJIL.BO,BSE
KAMATHOTEL.BO,BSE
KAMDHENU.BO,BSE
KAMOPAINTS.BO,BSE
KANANIIND.BO,BSE
KANORICHEM.BO,BSE
KANPRPLA.BO,BSE
KANSAINER.BO,BSE
KAPSTON.BO,BSE
KARMAENG.BO,BSE
KARURVYSYA.BO,BSE
KAUSHALYA.BO,BSE
KAVDEFENCE.BO,BSE
KAYA.BO,BSE
KAYNES.BO,BSE
KCP.BO,BSE
KCPSUGIND.BO,BSE
KDDL.BO,BSE
KEC.BO,BSE
KECL.BO,BSE
KEEPLEARN.BO,BSE
KEI.BO,BSE
KELLTONTEC.BO,BSE
KERNEX.BO,BSE
KESORAMIND.BO,BSE
KEYFINSERV.BO,BSE
KFINTECH.BO,BSE
KHADIM.BO,BSE
KHAICHEM.BO,BSE
KHAITANLTD.BO,BSE
KHANDSE.BO,BSE
KICL.BO,BSE
KILITCH.BO,BSE
KIMS.BO,BSE
KINGFA.BO,BSE
KIOCL.BO,BSE
KIRIINDUS.BO,BSE
KIRLOSBROS.BO,BSE
KIRLOSENG.BO,BSE
KIRLOSIND.BO,BSE
KIRLPNU.BO,BSE
KITEX.BO,BSE
KKCL.BO,BSE
KMEW.BO,BSE
KMSUGAR.BO,BSE
KNAGRI.BO,BSE
KNRCON.BO,BSE
KOHINOOR.BO,BSE
KOKUYOCMLN.BO,BSE
KOLTEPATIL.BO,BSE
KOPRAN.BO,BSE
KOTAKBANK.BO,BSE
KOTARISUG.BO,BSE
KOTHARIPET.BO,BSE
KOTHARIPRO.BO,BSE
KPEL.BO,BSE
KPIGREEN.BO,BSE
KPIL.BO,BSE
KPITTECH.BO,BSE
KPRMILL.BO,BSE
KRBL.BO,BSE
KREBSBIO.BO,BSE
KRIDHANINF.BO,BSE
KRISHANA.BO,BSE
KRISHIVAL.BO,BSE
KRISHNADEF.BO,BSE
KRITI.BO,BSE
KRITIKA.BO,BSE
KRITINUT.BO,BSE
KRN.BO,BSE
KRONOX.BO,BSE
KROSS.BO,BSE
KRSNAA.BO,BSE
KRYSTAL.BO,BSE
KSB.BO,BSE
KSCL.BO,BSE
KSHINTL.BO,BSE
KSHITIJPOL.BO,BSE
KSL.BO,BSE
KSOLVES.BO,BSE
KSR.BO,BSE
KTKBANK.BO,BSE
KUANTUM.BO,BSE
LAGNAM.BO,BSE
LAKPRE.BO,BSE
LAL.BO,BSE
LALPATHLAB.BO,BSE
LAMBODHARA.BO,BSE
LANCORHOL.BO,BSE
LANDMARK.BO,BSE
LAOPALA.BO,BSE
LASA.BO,BSE
LATENTVIEW.BO,BSE
LATTEYS.BO,BSE
LAURUSLABS.BO,BSE
LAXMICOT.BO,BSE
LAXMIDENTL.BO,BSE
LAXMIINDIA.BO,BSE
LCCINFOTEC.BO,BSE
LEMERITE.BO,BSE
LEMONTREE.BO,BSE
LENSKART.BO,BSE
LEXUS.BO,BSE
LFIC.BO,BSE
LGBBROSLTD.BO,BSE
LGEINDIA.BO,BSE
LGHL.BO,BSE
LIBAS.BO,BSE
LIBERTSHOE.BO,BSE
LICHSGFIN.BO,BSE
LICI.BO,BSE
LIKHITHA.BO,BSE
LINC.BO,BSE
LINCOLN.BO,BSE
LINDEINDIA.BO,BSE
LLOYDSENGG.BO,BSE
LLOYDSENT.BO,BSE
LLOYDSME.BO,BSE
LMW.BO,BSE
LODHA.BO,BSE
LOKESHMACH.BO,BSE
LORDSCHLO.BO,BSE
LOTUSDEV.BO,BSE
LOTUSEYE.BO,BSE
LOVABLE.BO,BSE
LOYALTEX.BO,BSE
LPDC.BO,BSE
LT.BO,BSE
LTF.BO,BSE
LTFOODS.BO,BSE
LTIM.BO,BSE
LTTS.BO,BSE
LUMAXIND.BO,BSE
LUMAXTECH.BO,BSE
LUPIN.BO,BSE
LUXIND.BO,BSE
LXCHEM.BO,BSE
LYKALABS.BO,BSE
LYPSAGEMS.BO,BSE
MAANALU.BO,BSE
MACPOWER.BO,BSE
MADHAV.BO,BSE
MADHUCON.BO,BSE
MADRASFERT.BO,BSE
MAGADSUGAR.BO,BSE
MAGNUM.BO,BSE
MAHABANK.BO,BSE
MAHAPEXLTD.BO,BSE
MAHASTEEL.BO,BSE
MAHEPC.BO,BSE
MAHESHWARI.BO,BSE
MAHLIFE.BO,BSE
MAHLOG.BO,BSE
MAHSCOOTER.BO,BSE
MAHSEAMLES.BO,BSE
MAITHANALL.BO,BSE
MALLCOM.BO,BSE
MALUPAPER.BO,BSE
MAMATA.BO,BSE
MANAKALUCO.BO,BSE
MANAKCOAT.BO,BSE
MANAKSIA.BO,BSE
MANAKSTEEL.BO,BSE
MANALIPETC.BO,BSE
MANAPPURAM.BO,BSE
MANBA.BO,BSE
MANCREDIT.BO,BSE
MANGALAM.BO,BSE
MANGLMCEM.BO,BSE
MANINDS.BO,BSE
MANINFRA.BO,BSE
MANKIND.BO,BSE
MANOMAY.BO,BSE
MANORAMA.BO,BSE
MANORG.BO,BSE
MANUGRAPH.BO,BSE
MANYAVAR.BO,BSE
MAPMYINDIA.BO,BSE
MARALOVER.BO,BSE
MARATHON.BO,BSE
MARICO.BO,BSE
MARINE.BO,BSE
MARKOLINES.BO,BSE
MARKSANS.BO,BSE
MARUTI.BO,BSE
MASFIN.BO,BSE
MASKINVEST.BO,BSE
MASTEK.BO,BSE
MASTERTR.BO,BSE
MATRIMONY.BO,BSE
MAWANASUG.BO,BSE
MAXESTATES.BO,BSE
MAXHEALTH.BO,BSE
MAXIND.BO,BSE
MAYURUNIQ.BO,BSE
MAZDA.BO,BSE
MAZDOCK.BO,BSE
MBAPL.BO,BSE
MBEL.BO,BSE
MBLINFRA.BO,BSE
MCL.BO,BSE
MCLEODRUSS.BO,BSE
MCLOUD.BO,BSE
MCX.BO,BSE
MEDANTA.BO,BSE
MEDIASSIST.BO,BSE
MEDICAMEQ.BO,BSE
MEDICO.BO,BSE
MEDPLUS.BO,BSE
MEESHO.BO,BSE
MEGASOFT.BO,BSE
MEGASTAR.BO,BSE
MEIL.BO,BSE
MENONBE.BO,BSE
MEP.BO,BSE
METROBRAND.BO,BSE
METROPOLIS.BO,BSE
MFML.BO,BSE
MFSL.BO,BSE
MGEL.BO,BSE
MGL.BO,BSE
MHLXMIRU.BO,BSE
MHRIL.BO,BSE
MICEL.BO,BSE
MIDHANI.BO,BSE
MIDWESTLTD.BO,BSE
MINDACORP.BO,BSE
MINDTECK.BO,BSE
MIRCELECTR.BO,BSE
MIRZAINT.BO,BSE
MITCON.BO,BSE
MITTAL.BO,BSE
MKPL.BO,BSE
MMFL.BO,BSE
MMP.BO,BSE
MMTC.BO,BSE
MOBIKWIK.BO,BSE
MODINATUR.BO,BSE
MODIRUBBER.BO,BSE
MODIS.BO,BSE
MODISONLTD.BO,BSE
MODTHREAD.BO,BSE
MOHITIND.BO,BSE
MOIL.BO,BSE
MOKSH.BO,BSE
MOL.BO,BSE
MOLDTECH.BO,BSE
MOLDTKPAC.BO,BSE
MONARCH.BO,BSE
MONEYBOXX.BO,BSE
MONTECARLO.BO,BSE
MOREPENLAB.BO,BSE
MOSCHIP.BO,BSE
MOTHERSON.BO,BSE
MOTILALOFS.BO,BSE
MOTISONS.BO,BSE
MOTOGENFIN.BO,BSE
MPHASIS.BO,BSE
MPSLTD.BO,BSE
MRF.BO,BSE
MRPL.BO,BSE
MSPL.BO,BSE
MSTCLTD.BO,BSE
MSUMI.BO,BSE
MTARTECH.BO,BSE
MTEDUCARE.BO,BSE
MTNL.BO,BSE
MUFIN.BO,BSE
MUFTI.BO,BSE
MUKANDLTD.BO,BSE
MUKKA.BO,BSE
MUKTAARTS.BO,BSE
MUNJALAU.BO,BSE
MUNJALSHOW.BO,BSE
MURUDCERA.BO,BSE
MUTHOOTCAP.BO,BSE
MUTHOOTFIN.BO,BSE
MUTHOOTMF.BO,BSE
MVGJL.BO,BSE
MWL.BO,BSE
NACLIND.BO,BSE
NAGAFERT.BO,BSE
NAGREEKCAP.BO,BSE
NAGREEKEXP.BO,BSE
NAHARCAP.BO,BSE
NAHARINDUS.BO,BSE
NAHARPOLY.BO,BSE
NAHARSPING.BO,BSE
NAM-INDIA.BO,BSE
NARMADA.BO,BSE
NATCAPSUQ.BO,BSE
NATCOPHARM.BO,BSE
NATHBIOGEN.BO,BSE
NATIONALUM.BO,BSE
NAUKRI.BO,BSE
NAVA.BO,BSE
NAVINFLUOR.BO,BSE
NAVKARCORP.BO,BSE
NAVKARURB.BO,BSE
NAVNETEDUL.BO,BSE
NAZARA.BO,BSE
NBCC.BO,BSE
NBIFIN.BO,BSE
NCC.BO,BSE
NCLIND.BO,BSE
NDGL.BO,BSE
NDL.BO,BSE
NDLVENTURE.BO,BSE
NDRAUTO.BO,BSE
NDTV.BO,BSE
NECCLTD.BO,BSE
NECLIFE.BO,BSE
NELCAST.BO,BSE
NELCO.BO,BSE
NEOGEN.BO,BSE
NEPHROPLUS.BO,BSE
NESCO.BO,BSE
NESTLEIND.BO,BSE
NETWEB.BO,BSE
NETWORK18.BO,BSE
NEULANDLAB.BO,BSE
NEWGEN.BO,BSE
NEXTMEDIA.BO,BSE
NFL.BO,BSE
NGIL.BO,BSE
NGLFINE.BO,BSE
NH.BO,BSE
NHPC.BO,BSE
NIACL.BO,BSE
NIBE.BO,BSE
NIBL.BO,BSE
NIITLTD.BO,BSE
NIITMTS.BO,BSE
NILAINFRA.BO,BSE
NILASPACES.BO,BSE
NILKAMAL.BO,BSE
NINSYS.BO,BSE
NIPPOBATRY.BO,BSE
NIRAJ.BO,BSE
NIRAJISPAT.BO,BSE
NITCO.BO,BSE
NITINSPIN.BO,BSE
NITIRAJ.BO,BSE
NIVABUPA.BO,BSE
NKIND.BO,BSE
NLCINDIA.BO,BSE
NMDC.BO,BSE
NOCIL.BO,BSE
NOIDATOLL.BO,BSE
NORBTEAEXP.BO,BSE
NORTHARC.BO,BSE
NOVAAGRI.BO,BSE
NPST.BO,BSE
NRAIL.BO,BSE
NRBBEARING.BO,BSE
NRL.BO,BSE
NSIL.BO,BSE
NSLNISP.BO,BSE
NTPC.BO,BSE
NTPCGREEN.BO,BSE
NUCLEUS.BO,BSE
NURECA.BO,BSE
NUVAMA.BO,BSE
NUVOCO.BO,BSE
NYKAA.BO,BSE
OAL.BO,BSE
OBCL.BO,BSE
OBEROIRLTY.BO,BSE
OCCLLTD.BO,BSE
ODIGMA.BO,BSE
OFSS.BO,BSE
OIL.BO,BSE
OILCOUNTUB.BO,BSE
OLAELEC.BO,BSE
OLECTRA.BO,BSE
OMAXAUTO.BO,BSE
OMAXE.BO,BSE
OMFREIGHT.BO,BSE
OMINFRAL.BO,BSE
OMKARCHEM.BO,BSE
ONELIFECAP.BO,BSE
ONEPOINT.BO,BSE
ONESOURCE.BO,BSE
ONGC.BO,BSE
ONMOBILE.BO,BSE
ONWARDTEC.BO,BSE
OPTIEMUS.BO,BSE
ORBTEXP.BO,BSE
ORCHASP.BO,BSE
ORCHPHARMA.BO,BSE
ORICONENT.BO,BSE
ORIENTALTL.BO,BSE
ORIENTBELL.BO,BSE
ORIENTCEM.BO,BSE
ORIENTCER.BO,BSE
ORIENTELEC.BO,BSE
ORIENTHOT.BO,BSE
ORIENTLTD.BO,BSE
ORIENTPPR.BO,BSE
ORIENTTECH.BO,BSE
ORISSAMINE.BO,BSE
ORKLAINDIA.BO,BSE
ORTINGLOBE.BO,BSE
OSIAHYPER.BO,BSE
OSWALAGRO.BO,BSE
OSWALGREEN.BO,BSE
OSWALPUMPS.BO,BSE
OSWALSEEDS.BO,BSE
PACEDIGITK.BO,BSE
PAGEIND.BO,BSE
PAISALO.BO,BSE
PAKKA.BO,BSE
PALASHSECU.BO,BSE
PALREDTEC.BO,BSE
PANACEABIO.BO,BSE
PANACHE.BO,BSE
PANAMAPET.BO,BSE
PANSARI.BO,BSE
PAR.BO,BSE
PARACABLES.BO,BSE
PARADEEP.BO,BSE
PARAGMILK.BO,BSE
PARAS.BO,BSE
PARASPETRO.BO,BSE
PARKHOSPS.BO,BSE
PARKHOTELS.BO,BSE
PARSVNATH.BO,BSE
PASHUPATI.BO,BSE
PASUPTAC.BO,BSE
PATANJALI.BO,BSE
PATELENG.BO,BSE
PATELRMART.BO,BSE
PATINTLOG.BO,BSE
PAUSHAKLTD.BO,BSE
PAVNAIND.BO,BSE
PAYTM.BO,BSE
PCBL.BO,BSE
PCJEWELLER.BO,BSE
PDMJEPAPER.BO,BSE
PDSL.BO,BSE
PEARLPOLY.BO,BSE
PENIND.BO,BSE
PENINLAND.BO,BSE
PERSISTENT.BO,BSE
PETRONET.BO,BSE
PFC.BO,BSE
PFIZER.BO,BSE
PFOCUS.BO,BSE
PFS.BO,BSE
PGEL.BO,BSE
PGHH.BO,BSE
PGHL.BO,BSE
PGIL.BO,BSE
PHOENIXLTD.BO,BSE
PICCADIL.BO,BSE
PIDILITIND.BO,BSE
PIGL.BO,BSE
PIIND.BO,BSE
PILANIINVS.BO,BSE
PILITA.BO,BSE
PINELABS.BO,BSE
PIONEEREMB.BO,BSE
PIRAMALFIN.BO,BSE
PITTIENG.BO,BSE
PIXTRANS.BO,BSE
PKTEA.BO,BSE
PLASTIBLEN.BO,BSE
PLATIND.BO,BSE
PLAZACABLE.BO,BSE
PNB.BO,BSE
PNBGILTS.BO,BSE
PNBHOUSING.BO,BSE
PNC.BO,BSE
PNCINFRA.BO,BSE
PNGJL.BO,BSE
POCL.BO,BSE
PODDARMENT.BO,BSE
POKARNA.BO,BSE
POLICYBZR.BO,BSE
POLYCAB.BO,BSE
POLYMED.BO,BSE
POLYPLEX.BO,BSE
PONNIERODE.BO,BSE
POONAWALLA.BO,BSE
POWERGRID.BO,BSE
POWERINDIA.BO,BSE
POWERMECH.BO,BSE
PPAP.BO,BSE
PPL.BO,BSE
PPLPHARMA.BO,BSE
PRABHA.BO,BSE
PRAENG.BO,BSE
PRAJIND.BO,BSE
PRAKASH.BO,BSE
PRAKASHSTL.BO,BSE
PRAXIS.BO,BSE
PRECAM.BO,BSE
PRECOT.BO,BSE
PRECWIRE.BO,BSE
PREMEXPLN.BO,BSE
PREMIER.BO,BSE
PREMIERENE.BO,BSE
PREMIERPOL.BO,BSE
PRESTIGE.BO,BSE
PRICOLLTD.BO,BSE
PRIMESECU.BO,BSE
PRIMO.BO,BSE
PRINCEPIPE.BO,BSE
PRITI.BO,BSE
PRITIKAUTO.BO,BSE
PRIVISCL.BO,BSE
PROSTARM.BO,BSE
PROTEAN.BO,BSE
PROZONER.BO,BSE
PRSMJOHNSN.BO,BSE
PRUDENT.BO,BSE
PRUDMOULI.BO,BSE
PSB.BO,BSE
PSPPROJECT.BO,BSE
PTC.BO,BSE
PTCIL.BO,BSE
PTL.BO,BSE
PUNJABCHEM.BO,BSE
PURVA.BO,BSE
PVP.BO,BSE
PVRINOX.BO,BSE
PVSL.BO,BSE
PWL.BO,BSE
PYRAMID.BO,BSE
QPOWER.BO,BSE
QUADFUTURE.BO,BSE
QUESS.BO,BSE
QUICKHEAL.BO,BSE
RACE.BO,BSE
RACLGEAR.BO,BSE
RADAAN.BO,BSE
RADHIKAJWE.BO,BSE
RADIANTCMS.BO,BSE
RADICO.BO,BSE
RADIOCITY.BO,BSE
RAILTEL.BO,BSE
RAIN.BO,BSE
RAINBOW.BO,BSE
RAJESHEXPO.BO,BSE
RAJMET.BO,BSE
RAJOOENG.BO,BSE
RAJRATAN.BO,BSE
RAJRILTD.BO,BSE
RAJSREESUG.BO,BSE
RAJTV.BO,BSE
RALLIS.BO,BSE
RAMANEWS.BO,BSE
RAMAPHO.BO,BSE
RAMASTEEL.BO,BSE
RAMCOCEM.BO,BSE
RAMCOIND.BO,BSE
RAMCOSYS.BO,BSE
RAMKY.BO,BSE
RAMRAT.BO,BSE
RANASUG.BO,BSE
RANEHOLDIN.BO,BSE
RATEGAIN.BO,BSE
RATNAMANI.BO,BSE
RATNAVEER.BO,BSE
RAYMOND.BO,BSE
RAYMONDLSL.BO,BSE
RAYMONDREL.BO,BSE
RBA.BO,BSE
RBLBANK.BO,BSE
RBZJEWEL.BO,BSE
RCF.BO,BSE
RCOM.BO,BSE
RECLTD.BO,BSE
REDINGTON.BO,BSE
REDTAPE.BO,BSE
REFEX.BO,BSE
REGAAL.BO,BSE
REGENCERAM.BO,BSE
RELAXO.BO,BSE
RELCHEMQ.BO,BSE
RELIABLE.BO,BSE
RELIANCE.BO,BSE
RELIGARE.BO,BSE
RELTD.BO,BSE
REMSONSIND.BO,BSE
RENUKA.BO,BSE
REPCOHOME.BO,BSE
REPL.BO,BSE
REPRO.BO,BSE
RESPONIND.BO,BSE
RETAIL.BO,BSE
RGL.BO,BSE
RHETAN.BO,BSE
RHFL.BO,BSE
RHIM.BO,BSE
RHL.BO,BSE
RICOAUTO.BO,BSE
RIIL.BO,BSE
RISHABH.BO,BSE
RITCO.BO,BSE
RITES.BO,BSE
RKDL.BO,BSE
RKEC.BO,BSE
RKFORGE.BO,BSE
RKSWAMY.BO,BSE
RMDRIP.BO,BSE
RML.BO,BSE
RNBDENIMS.BO,BSE
ROHLTD.BO,BSE
ROLEXRINGS.BO,BSE
ROLLT.BO,BSE
ROML.BO,BSE
ROSSARI.BO,BSE
ROSSELLIND.BO,BSE
ROSSTECH.BO,BSE
ROTO.BO,BSE
ROUTE.BO,BSE
RPEL.BO,BSE
RPGLIFE.BO,BSE
RPOWER.BO,BSE
RPPINFRA.BO,BSE
RPPL.BO,BSE
RPSGVENT.BO,BSE
RPTECH.BO,BSE
RRKABEL.BO,BSE
RSSOFTWARE.BO,BSE
RSWM.BO,BSE
RSYSTEMS.BO,BSE
RTNINDIA.BO,BSE
RTNPOWER.BO,BSE
RUBFILA.BO,BSE
RUBICON.BO,BSE
RUBYMILLS.BO,BSE
RUCHINFRA.BO,BSE
RUCHIRA.BO,BSE
RUDRA.BO,BSE
RUPA.BO,BSE
RUSHIL.BO,BSE
RUSTOMJEE.BO,BSE
RVHL.BO,BSE
RVNL.BO,BSE
RVTH.BO,BSE
SAATVIKGL.BO,BSE
SABEVENTS.BO,BSE
SABTNL.BO,BSE
SADBHAV.BO,BSE
SADBHIN.BO,BSE
SADHNANIQ.BO,BSE
SAFARI.BO,BSE
SAGARDEEP.BO,BSE
SAGCEM.BO,BSE
SAGILITY.BO,BSE
SAHYADRI.BO,BSE
SAIL.BO,BSE
SAILIFE.BO,BSE
SAKAR.BO,BSE
SAKHTISUG.BO,BSE
SAKSOFT.BO,BSE
SAKUMA.BO,BSE
SALASAR.BO,BSE
SALONA.BO,BSE
SALSTEEL.BO,BSE
SALZERELEC.BO,BSE
SAMBHAAV.BO,BSE
SAMBHV.BO,BSE
SAMHI.BO,BSE
SAMMAANCAP.BO,BSE
SAMPANN.BO,BSE
SANATHAN.BO,BSE
SANCO.BO,BSE
SANDESH.BO,BSE
SANDHAR.BO,BSE
SANDUMA.BO,BSE
SANGAMIND.BO,BSE
SANGHIIND.BO,BSE
SANGHVIMOV.BO,BSE
SANGINITA.BO,BSE
SANOFI.BO,BSE
SANOFICONR.BO,BSE
SANSERA.BO,BSE
SANSTAR.BO,BSE
SANWARIA.BO,BSE
SAPPHIRE.BO,BSE
SARDAEN.BO,BSE
SAREGAMA.BO,BSE
SARLAPOLY.BO,BSE
SARVESHWAR.BO,BSE
SASKEN.BO,BSE
SASTASUNDR.BO,BSE
SATIA.BO,BSE
SATIN.BO,BSE
SAURASHCEM.BO,BSE
SBC.BO,BSE
SBCL.BO,BSE
SBFC.BO,BSE
SBGLP.BO,BSE
SBICARD.BO,BSE
SBILIFE.BO,BSE
SBIN.BO,BSE
SCHAEFFLER.BO,BSE
SCHAND.BO,BSE
SCHNEIDER.BO,BSE
SCI.BO,BSE
SCILAL.BO,BSE
SCODATUBES.BO,BSE
SCPL.BO,BSE
SDBL.BO,BSE
SEAMECLTD.BO,BSE
SECMARK.BO,BSE
SECURKLOUD.BO,BSE
SEJALLTD.BO,BSE
SELMC.BO,BSE
SEMAC.BO,BSE
SENCO.BO,BSE
SENORES.BO,BSE
SEPC.BO,BSE
SEQUENT.BO,BSE
SERVOTECH.BO,BSE
SESHAPAPER.BO,BSE
SETCO.BO,BSE
SETUINFRA.BO,BSE
SEYAIND.BO,BSE
SFL.BO,BSE
SGFIN.BO,BSE
SGIL.BO,BSE
SGL.BO,BSE
SGLTL.BO,BSE
SGMART.BO,BSE
SHAH.BO,BSE
SHAHALLOYS.BO,BSE
SHAILY.BO,BSE
SHAKTIPUMP.BO,BSE
SHALBY.BO,BSE
SHALPAINTS.BO,BSE
SHANKARA.BO,BSE
SHANTI.BO,BSE
SHANTIGEAR.BO,BSE
SHANTIGOLD.BO,BSE
SHARDACROP.BO,BSE
SHARDAMOTR.BO,BSE
SHAREINDIA.BO,BSE
SHEKHAWATI.BO,BSE
SHEMAROO.BO,BSE
SHILCTECH.BO,BSE
SHILPAMED.BO,BSE
SHIVALIK.BO,BSE
SHIVAMAUTO.BO,BSE
SHIVAMILLS.BO,BSE
SHIVATEX.BO,BSE
SHIVAUM.BO,BSE
SHK.BO,BSE
SHOPERSTOP.BO,BSE
SHRADHA.BO,BSE
SHREDIGCEM.BO,BSE
SHREECEM.BO,BSE
SHREEJISPG.BO,BSE
SHREEPUSHK.BO,BSE
SHREERAMA.BO,BSE
SHRENIK.BO,BSE
SHREYANIND.BO,BSE
SHRINGARMS.BO,BSE
SHRIPISTON.BO,BSE
SHRIRAMFIN.BO,BSE
SHRIRAMPPS.BO,BSE
SHYAMCENT.BO,BSE
SHYAMMETL.BO,BSE
SHYAMTEL.BO,BSE
SICALLOG.BO,BSE
SIEMENS.BO,BSE
SIGACHI.BO,BSE
SIGIND.BO,BSE
SIGMA.BO,BSE
SIGNATURE.BO,BSE
SIGNPOST.BO,BSE
SIKKO.BO,BSE
SIL.BO,BSE
SILGO.BO,BSE
SILINV.BO,BSE
SILLYMONKS.BO,BSE
SILVERTUC.BO,BSE
SIMBHALS.BO,BSE
SIMPLEXINF.BO,BSE
SINCLAIR.BO,BSE
SINDHUTRAD.BO,BSE
SINTERCOM.BO,BSE
SIRCA.BO,BSE
SIS.BO,BSE
SITINET.BO,BSE
SIYSIL.BO,BSE
SJS.BO,BSE
SJVN.BO,BSE
SKFINDIA.BO,BSE
SKFINDUS.BO,BSE
SKIPPER.BO,BSE
SKMEGGPROD.BO,BSE
SKYGOLD.BO,BSE
SMARTLINK.BO,BSE
SMARTWORKS.BO,BSE
SMCGLOBAL.BO,BSE
SMLMAH.BO,BSE
SMLT.BO,BSE
SMSPHARMA.BO,BSE
SNOWMAN.BO,BSE
SOBHA.BO,BSE
SOFTTECH.BO,BSE
SOLARA.BO,BSE
SOLARINDS.BO,BSE
SOLARWORLD.BO,BSE
SOLEX.BO,BSE
SOMANYCERA.BO,BSE
SOMATEX.BO,BSE
SOMICONVEY.BO,BSE
SONACOMS.BO,BSE
SONAMLTD.BO,BSE
SONATSOFTW.BO,BSE
SOTL.BO,BSE
SOUTHBANK.BO,BSE
SOUTHWEST.BO,BSE
SPAL.BO,BSE
SPANDANA.BO,BSE
SPARC.BO,BSE
SPCENET.BO,BSE
SPECIALITY.BO,BSE
SPECTRUM.BO,BSE
SPENCERS.BO,BSE
SPIC.BO,BSE
SPLIL.BO,BSE
SPLPETRO.BO,BSE
SPMLINFRA.BO,BSE
SPORTKING.BO,BSE
SRD.BO,BSE
SREEL.BO,BSE
SRF.BO,BSE
SRGHFL.BO,BSE
SRHHYPOLTD.BO,BSE
SRM.BO,BSE
SRPL.BO,BSE
SSDL.BO,BSE
SSWL.BO,BSE
STALLION.BO,BSE
STANLEY.BO,BSE
STAR.BO,BSE
STARCEMENT.BO,BSE
STARHEALTH.BO,BSE
STARPAPER.BO,BSE
STARTECK.BO,BSE
STCINDIA.BO,BSE
STEELCAS.BO,BSE
STEELCITY.BO,BSE
STEELXIND.BO,BSE
STEL.BO,BSE
STERTOOLS.BO,BSE
STLNETWORK.BO,BSE
STLTECH.BO,BSE
STOVEKRAFT.BO,BSE
STUDDS.BO,BSE
STYL.BO,BSE
STYLAMIND.BO,BSE
STYLEBAAZA.BO,BSE
STYRENIX.BO,BSE
SUBEXLTD.BO,BSE
SUBROS.BO,BSE
SUDARSCHEM.BO,BSE
SUDEEPPHRM.BO,BSE
SUKHJITS.BO,BSE
SULA.BO,BSE
SUMEETINDS.BO,BSE
SUMICHEM.BO,BSE
SUMIT.BO,BSE
SUMMITSEC.BO,BSE
SUNCLAY.BO,BSE
SUNDARAM.BO,BSE
SUNDARMFIN.BO,BSE
SUNDRMBRAK.BO,BSE
SUNDRMFAST.BO,BSE
SUNDROP.BO,BSE
SUNFLAG.BO,BSE
SUNPHARMA.BO,BSE
SUNTECK.BO,BSE
SUNTV.BO,BSE
SUPERHOUSE.BO,BSE
SUPERSPIN.BO,BSE
SUPRAJIT.BO,BSE
SUPREME.BO,BSE
SUPREMEIND.BO,BSE
SUPREMEINF.BO,BSE
SUPRIYA.BO,BSE
SURAJEST.BO,BSE
SURAJLTD.BO,BSE
SURAKSHA.BO,BSE
SURANASOL.BO,BSE
SURYALAXMI.BO,BSE
SURYAROSNI.BO,BSE
SURYODAY.BO,BSE
SUTLEJTEX.BO,BSE
SUVEN.BO,BSE
SUVIDHAA.BO,BSE
SUYOG.BO,BSE
SUZLON.BO,BSE
SVLL.BO,BSE
SVPGLOB.BO,BSE
SWANCORP.BO,BSE
SWANDEF.BO,BSE
SWARAJENG.BO,BSE
SWELECTES.BO,BSE
SWIGGY.BO,BSE
SWSOLAR.BO,BSE
SYMPHONY.BO,BSE
SYNCOMF.BO,BSE
SYNGENE.BO,BSE
SYRMA.BO,BSE
SYSTMTXC.BO,BSE
TAINWALCHM.BO,BSE
TAJGVK.BO,BSE
TAKE.BO,BSE
TALBROAUTO.BO,BSE
TANLA.BO,BSE
TARACHAND.BO,BSE
TARAPUR.BO,BSE
TARC.BO,BSE
TARIL.BO,BSE
TARMAT.BO,BSE
TARSONS.BO,BSE
TASTYBITE.BO,BSE
TATACAP.BO,BSE
TATACHEM.BO,BSE
TATACOMM.BO,BSE
TATACONSUM.BO,BSE
TATAELXSI.BO,BSE
TATAINVEST.BO,BSE
TATAPOWER.BO,BSE
TATASTEEL.BO,BSE
TATATECH.BO,BSE
TATVA.BO,BSE
TBOTEK.BO,BSE
TBZ.BO,BSE
TCI.BO,BSE
TCIEXP.BO,BSE
TCIFINANCE.BO,BSE
TCPLPACK.BO,BSE
TCS.BO,BSE
TDPOWERSYS.BO,BSE
TEAMGTY.BO,BSE
TEAMLEASE.BO,BSE
TECHM.BO,BSE
TECHNOE.BO,BSE
TECILCHEM.BO,BSE
TEGA.BO,BSE
TEJASNET.BO,BSE
TEMBO.BO,BSE
TENNIND.BO,BSE
TERASOFT.BO,BSE
TEXINFRA.BO,BSE
TEXMOPIPES.BO,BSE
TEXRAIL.BO,BSE
TFCILTD.BO,BSE
TFL.BO,BSE
TGBHOTELS.BO,BSE
THANGAMAYL.BO,BSE
THEINVEST.BO,BSE
THEJO.BO,BSE
THELEELA.BO,BSE
THEMISMED.BO,BSE
THERMAX.BO,BSE
THOMASCOOK.BO,BSE
THOMASCOTT.BO,BSE
THYROCARE.BO,BSE
TI.BO,BSE
TICL.BO,BSE
TIGERLOGS.BO,BSE
TIIL.BO,BSE
TIINDIA.BO,BSE
TIJARIA.BO,BSE
TIL.BO,BSE
TIMETECHNO.BO,BSE
TIMKEN.BO,BSE
TINNARUBR.BO,BSE
TIPSFILMS.BO,BSE
TIPSMUSIC.BO,BSE
TIRUMALCHM.BO,BSE
TIRUPATIFL.BO,BSE
TITAGARH.BO,BSE
TITAN.BO,BSE
TMB.BO,BSE
TMCV.BO,BSE
TMPV.BO,BSE
TNPETRO.BO,BSE
TNPL.BO,BSE
TNTELE.BO,BSE
TOKYOPLAST.BO,BSE
TOLINS.BO,BSE
TORNTPHARM.BO,BSE
TORNTPOWER.BO,BSE
TOTAL.BO,BSE
TOUCHWOOD.BO,BSE
TPHQ.BO,BSE
TPLPLASTEH.BO,BSE
TRACXN.BO,BSE
TRANSRAILL.BO,BSE
TRANSWORLD.BO,BSE
TRAVELFOOD.BO,BSE
TREEHOUSE.BO,BSE
TREJHARA.BO,BSE
TREL.BO,BSE
TRENT.BO,BSE
TRF.BO,BSE
TRIDENT.BO,BSE
TRIGYN.BO,BSE
TRITURBINE.BO,BSE
TRIVENI.BO,BSE
TRU.BO,BSE
TRUALT.BO,BSE
TSFINV.BO,BSE
TTKHLTCARE.BO,BSE
TTKPRESTIG.BO,BSE
TTL.BO,BSE
TTML.BO,BSE
TVSELECT.BO,BSE
TVSHLTD.BO,BSE
TVSMOTOR.BO,BSE
TVSSCS.BO,BSE
TVSSRICHAK.BO,BSE
TVTODAY.BO,BSE
TVVISION.BO,BSE
UBL.BO,BSE
UCAL.BO,BSE
UCOBANK.BO,BSE
UDS.BO,BSE
UFBL.BO,BSE
UFLEX.BO,BSE
UFO.BO,BSE
UGARSUGAR.BO,BSE
UGROCAP.BO,BSE
UJJIVANSFB.BO,BSE
ULTRACEMCO.BO,BSE
UMAEXPORTS.BO,BSE
UMESLTD.BO,BSE
UMIYA-MRO.BO,BSE
UNICHEMLAB.BO,BSE
UNIDT.BO,BSE
UNIECOM.BO,BSE
UNIENTER.BO,BSE
UNIINFO.BO,BSE
UNIMECH.BO,BSE
UNIONBANK.BO,BSE
UNIPARTS.BO,BSE
UNITDSPR.BO,BSE
UNITECH.BO,BSE
UNITEDPOLY.BO,BSE
UNITEDTEA.BO,BSE
UNIVASTU.BO,BSE
UNIVCABLES.BO,BSE
UNIVPHOTO.BO,BSE
UNOMINDA.BO,BSE
UPL.BO,BSE
URAVIDEF.BO,BSE
URBANCO.BO,BSE
URJA.BO,BSE
USHAMART.BO,BSE
USK.BO,BSE
UTIAMC.BO,BSE
UTKARSHBNK.BO,BSE
UTLSOLAR.BO,BSE
UTTAMSUGAR.BO,BSE
UYFINCORP.BO,BSE
V2RETAIL.BO,BSE
VADILALIND.BO,BSE
VAIBHAVGBL.BO,BSE
VAISHALI.BO,BSE
VAKRANGEE.BO,BSE
VALIANTLAB.BO,BSE
VALIANTORG.BO,BSE
VARDHACRLC.BO,BSE
VARDMNPOLY.BO,BSE
VARROC.BO,BSE
VASCONEQ.BO,BSE
VASWANI.BO,BSE
VBL.BO,BSE
VCL.BO,BSE
VEDL.BO,BSE
VEEDOL.BO,BSE
VENKEYS.BO,BSE
VENTIVE.BO,BSE
VENUSPIPES.BO,BSE
VENUSREM.BO,BSE
VERANDA.BO,BSE
VERTOZ.BO,BSE
VESUVIUS.BO,BSE
VETO.BO,BSE
VGL.BO,BSE
VGUARD.BO,BSE
VHL.BO,BSE
VHLTD.BO,BSE
VIDHIING.BO,BSE
VIDYAWIRES.BO,BSE
VIJAYA.BO,BSE
VIJIFIN.BO,BSE
VIKASECO.BO,BSE
VIKASLIFE.BO,BSE
VIKRAMSOLR.BO,BSE
VIKRAN.BO,BSE
VIMTALABS.BO,BSE
VINATIORGA.BO,BSE
VINCOFE.BO,BSE
VINDHYATEL.BO,BSE
VINEET-RE.BO,BSE
VINEETLAB.BO,BSE
VINNY.BO,BSE
VINYLINDIA.BO,BSE
VIPCLOTHNG.BO,BSE
VIPIND.BO,BSE
VIPULLTD.BO,BSE
VIRINCHI.BO,BSE
VISAKAIND.BO,BSE
VISASTEEL.BO,BSE
VISHNU.BO,BSE
VISHWARAJ.BO,BSE
VIVIDHA.BO,BSE
VIVIMEDLAB.BO,BSE
VLEGOV.BO,BSE
VLSFINANCE.BO,BSE
VMART.BO,BSE
VMM.BO,BSE
VMSTMT.BO,BSE
VOLTAMP.BO,BSE
VOLTAS.BO,BSE
VPRPL.BO,BSE
VRAJ.BO,BSE
VRLLOG.BO,BSE
VSSL.BO,BSE
VSTIND.BO,BSE
VSTL.BO,BSE
VSTTILLERS.BO,BSE
VTL.BO,BSE
WAAREEENER.BO,BSE
WAAREEINDO.BO,BSE
WAAREERTL.BO,BSE
WABAG.BO,BSE
WAKEFIT.BO,BSE
WALCHANNAG.BO,BSE
WANBURY.BO,BSE
WCIL.BO,BSE
WEALTH.BO,BSE
WEBELSOLAR.BO,BSE
WEIZMANIND.BO,BSE
WEL.BO,BSE
WELCORP.BO,BSE
WELENT.BO,BSE
WELINV.BO,BSE
WELSPUNLIV.BO,BSE
WENDT.BO,BSE
WESTLIFE.BO,BSE
WEWIN.BO,BSE
WEWORK.BO,BSE
WHEELS.BO,BSE
WHIRLPOOL.BO,BSE
WILLAMAGOR.BO,BSE
WINDLAS.BO,BSE
WINDMACHIN.BO,BSE
WINSOME.BO,BSE
WIPL.BO,BSE
WIPRO.BO,BSE
WOCKPHARMA.BO,BSE
WONDERLA.BO,BSE
WORTHPERI.BO,BSE
WSI.BO,BSE
WSTCSTPAPR.BO,BSE
XCHANGING.BO,BSE
XELPMOC.BO,BSE
XPROINDIA.BO,BSE
XTGLOBAL.BO,BSE
YASHO.BO,BSE
YATHARTH.BO,BSE
YATRA.BO,BSE
YESBANK.BO,BSE
YUKEN.BO,BSE
ZAGGLE.BO,BSE
ZEEL.BO,BSE
ZEELEARN.BO,BSE
ZEEMEDIA.BO,BSE
ZENITHEXPO.BO,BSE
ZENITHSTL.BO,BSE
ZENSARTECH.BO,BSE
ZENTEC.BO,BSE
ZFCVINDIA.BO,BSE
ZIMLAB.BO,BSE
ZODIAC.BO,BSE
ZODIACLOTH.BO,BSE
ZOTA.BO,BSE
ZUARI.BO,BSE
ZUARIIND.BO,BSE
ZYDUSLIFE.BO,BSE
ZYDUSWELL.BO,BSE
